A_Christmas_Carol_in_Prose_Being_a_Ghost_Story_of_Christmas_by_Charles_Dickens.txt|A_Dolls_House_a_play_by_Henrik_Ibsen.txt|A_Modest_Proposal_by_Jonathan_Swift.txt|A_Room_with_a_View_by_E_M_Forster.txt|A_Study_in_Scarlet_by_Arthur_Conan_Doyle.txt|A_Tale_of_Two_Cities_by_Charles_Dickens.txt|A_dictionary_of_the_art_of_printing_by_William_Savage.txt|Adventures_of_Huckleberry_Finn_by_Mark_Twain.txt|Alices_Adventures_in_Wonderland_by_Lewis_Carroll.txt|Anna_Karenina_by_graf_Leo_Tolstoy.txt|Anne_of_Green_Gables_by_L_M_Montgomery.txt|Beowulf_An_AngloSaxon_Epic_Poem.txt|Beyond_Good_and_Evil_by_Friedrich_Wilhelm_Nietzsche.txt|Bleak_House_by_Charles_Dickens.txt|Blue_trousers_by_Murasaki_Shikibu.txt|Cranford_by_Elizabeth_Cleghorn_Gaskell.txt|Crime_and_Punishment_by_Fyodor_Dostoyevsky.txt|Doctrina_Christiana.txt|Don_Quixote_by_Miguel_de_Cervantes_Saavedra.txt|Dracula_by_Bram_Stoker.txt|Frankenstein_Or_The_Modern_Prometheus_by_Mary_Wollstonecraft_Shelley.txt|Golden_Days_for_Boys_and_Girls_Vol_XII_Jan_3_1891_by_Various.txt|Great_Expectations_by_Charles_Dickens.txt|Grimms_Fairy_Tales_by_Jacob_Grimm_and_Wilhelm_Grimm.txt|Gullivers_Travels_into_Several_Remote_Nations_of_the_World_by_Jonathan_Swift.txt|Harriet_Martineau_by_Florence_Fenwick_Miller.txt|History_of_Tom_Jones_a_Foundling_by_Henry_Fielding.txt|How_to_Observe_Morals_and_Manners_by_Harriet_Martineau.txt|Jane_Eyre_An_Autobiography_by_Charlotte_Brontë.txt|Leibnizs_New_Essays_Concerning_the_Human_Understanding_A_Critical_Exposition_by_John_Dewey.txt|Les_Misérables_by_Victor_Hugo.txt|Leviathan_by_Thomas_Hobbes.txt|Little_Women_Or_Meg_Jo_Beth_and_Amy_by_Louisa_May_Alcott.txt|Little_Women_by_Louisa_May_Alcott.txt|Marjorie_at_Seacote_by_Carolyn_Wells.txt|Meditations_by_Emperor_of_Rome_Marcus_Aurelius.txt|Metamorphosis_by_Franz_Kafka.txt|Middlemarch_by_George_Eliot.txt|Moby_Dick_Or_The_Whale_by_Herman_Melville.txt|Moby_Multiple_Language_Lists_of_Common_Words_by_Grady_Ward.txt|My_Life_Volume_1_by_Richard_Wagner.txt|Oliver_Twist_by_Charles_Dickens.txt|On_Liberty_by_John_Stuart_Mill.txt|Paradise_Lost_by_John_Milton.txt|Pride_and_Prejudice_by_Jane_Austen.txt|Puvis_de_Chavannes_by_François_Crastre.txt|Right_Ho_Jeeves_by_P_G_Wodehouse.txt|Romantic_castles_and_palaces.txt|Romeo_and_Juliet_by_William_Shakespeare.txt|Second_Treatise_of_Government_by_John_Locke.txt|Sense_and_Sensibility_by_Jane_Austen.txt|Shakespeares_family_by_C_C_Stopes.txt|Society_in_America_Volume_1_of_2_by_Harriet_Martineau.txt|Tess_of_the_dUrbervilles_A_Pure_Woman_by_Thomas_Hardy.txt|The_Adventures_of_Ferdinand_Count_Fathom_Complete_by_T_Smollett.txt|The_Adventures_of_Roderick_Random_by_T_Smollett.txt|The_Adventures_of_Sherlock_Holmes_by_Arthur_Conan_Doyle.txt|The_Adventures_of_Tom_Sawyer_Complete_by_Mark_Twain.txt|The_Blue_Castle_a_novel_by_L_M_Montgomery.txt|The_Brothers_Karamazov_by_Fyodor_Dostoyevsky.txt|The_Complete_Works_of_William_Shakespeare_by_William_Shakespeare.txt|The_Confessions_of_St_Augustine_by_Bishop_of_Hippo_Saint_Augustine.txt|The_Count_of_Monte_Cristo_by_Alexandre_Dumas_and_Auguste_Maquet.txt|The_Diary_of_Samuel_Pepys_Complete_by_Samuel_Pepys.txt|The_Enchanted_April_by_Elizabeth_Von_Arnim.txt|The_Expedition_of_Humphry_Clinker_by_T_Smollett.txt|The_Great_Gatsby_by_F_Scott_Fitzgerald.txt|The_Iliad_by_Homer.txt|The_Importance_of_Being_Earnest_A_Trivial_Comedy_for_Serious_People_by_Oscar_Wilde.txt|The_Kama_Sutra_of_Vatsyayana_by_Vatsyayana.txt|The_King_in_Yellow_by_Robert_W_Chambers.txt|The_Odyssey_by_Homer.txt|The_Part_Borne_by_the_Dutch_in_the_Discovery_of_Australia_16061765_by_J_E_Heeres.txt|The_Philosophy_of_Auguste_Comte_by_Lucien_LévyBruhl.txt|The_Picture_of_Dorian_Gray_by_Oscar_Wilde.txt|The_Prince_by_Niccolò_Machiavelli.txt|The_Republic_by_Plato.txt|The_Romance_of_Lust_A_classic_Victorian_erotic_novel_by_Anonymous.txt|The_Scarlet_Letter_by_Nathaniel_Hawthorne.txt|The_Souls_of_Black_Folk_by_W_E_B_Du_Bois.txt|The_Strange_Case_of_Dr_Jekyll_and_Mr_Hyde_by_Robert_Louis_Stevenson.txt|The_Tragical_History_of_Doctor_Faustus_by_Christopher_Marlowe.txt|The_Wars_of_Religion_in_France_15591576_by_James_Westfall_Thompson.txt|The_Wonderful_Wizard_of_Oz_by_L_Frank_Baum.txt|The_Yellow_Wallpaper_by_Charlotte_Perkins_Gilman.txt|The_country_seats_of_the_United_States_of_North_America_by_William_Birch.txt|The_divine_comedy_by_Dante_Alighieri.txt|The_lesser_Key_of_Solomon_Goetia_the_book_of_evil_spirits.txt|Thus_Spake_Zarathustra_A_Book_for_All_and_None_by_Friedrich_Wilhelm_Nietzsche.txt|Tractatus_LogicoPhilosophicus_by_Ludwig_Wittgenstein.txt|Treasure_Island_by_Robert_Louis_Stevenson.txt|Twas_the_Night_before_Christmas_A_Visit_from_St_Nicholas_by_Clement_Clarke_Moore.txt|Twenty_years_after_by_Alexandre_Dumas_and_Auguste_Maquet.txt|Ulysses_by_James_Joyce.txt|Walden_and_On_The_Duty_Of_Civil_Disobedience_by_Henry_David_Thoreau.txt|War_and_Peace_by_graf_Leo_Tolstoy.txt|White_Nights_and_Other_Stories_by_Fyodor_Dostoyevsky.txt|Wuthering_Heights_by_Emily_Brontë.txt|冷眼观_by_Junqing_Wang.txt|池北偶談_by_Shizhen_Wang.txt
0.9999999999999993,0.42716290718950733,0.44062511808294774,0.6467351387397626,0.7477860808924081,0.7594675953627092,0.39111518242740073,0.6354873672932134,0.6453103918310299,0.7223642697135829,0.620098255536324,0.44543321109244954,0.5569868469038709,0.6969787798405884,0.6834930815812565,0.6194646104908414,0.7135178271773449,0.1686584147613209,0.6508650582073878,0.6924232687730721,0.4775243295612339,0.7149867972338126,0.7190747709076877,0.7186650340183751,0.5618535227334123,0.6169001126553978,0.6414186297687896,0.5342894012831062,0.6546875957396233,0.42702239564771943,0.7036183236182514,0.46988683451963553,0.6931754353938844,0.6944996219871293,0.6387824655783056,0.4640496719333421,0.5619941894376372,0.7049305466911238,0.6711870677978121,0.1077170740121765,0.49247109147664625,0.737294342800526,0.49789635042358316,0.4869140086732831,0.6250013374188441,0.35716644287869015,0.6577957489800867,0.5699418107979538,0.42184042879512407,0.44772461733675195,0.6397965732206281,0.20979770917807514,0.6448646662965009,0.7394839663779229,0.5829312976922536,0.5339425792366825,0.7116133935148341,0.6636373278619575,0.5935774031177266,0.7125188088472285,0.5257352130079382,0.5036632304354602,0.67912027292269,0.5096070531775616,0.6002507270382298,0.6624975471153742,0.6850559575880024,0.45437765405315667,0.40764589967444465,0.38747125760102175,0.6980466516822276,0.6534170425541646,0.37517007611916686,0.4068624270769963,0.673148972469082,0.509777613380697,0.5959451129183755,0.5549623027040914,0.6653858589425007,0.5734316536664191,0.6468916564345333,0.38159758249360265,0.244094039063334,0.624524874370288,0.5920137445663194,0.15616871822750972,0.5441371334686282,0.3478608581458994,0.5402411222240758,0.034729842166681416,0.7016813280764914,0.3278972162702801,0.6336758359675265,0.7242065546915715,0.663356441605115,0.6972995191903946,0.6858851811862587,0.6608550199229419,0.0027324877789266385,0.002760804470761151
0.42716290718950733,1.0000000000000004,0.30224016651651237,0.4854179440599621,0.5102926766977857,0.5062475042517265,0.23241644478589177,0.48877856649874096,0.3788655824208438,0.489442156993257,0.4794806118996925,0.31672780890861846,0.3785335148323866,0.5415648691230266,0.5005139739036235,0.46359631316321115,0.568818078564443,0.11852481386896116,0.4774416042410419,0.5606379015808197,0.4259389970480728,0.5190693396190412,0.5342286559870728,0.4519265979823954,0.4423188049190999,0.43324479263657195,0.504269752954895,0.3341366978674982,0.57127178402879,0.25636699937547874,0.4617800980274507,0.2971396032083657,0.508584751894399,0.5113478214367773,0.4680251534924347,0.3564227086722737,0.3842526663095441,0.5016650409362016,0.45253880105021865,0.07564449870094386,0.42136592259450656,0.461427757135132,0.33324830481080125,0.35789713244923493,0.504865706252893,0.19344055731392135,0.5529375963630152,0.312286599259938,0.4063563076238208,0.3104948412944767,0.5151007411206855,0.1448296145636876,0.41439967214743584,0.5105843905301375,0.3725704549497668,0.44950131969002516,0.5533327887412091,0.4373696116563412,0.41761771579156975,0.565798438709558,0.5054557311853112,0.4008747410259683,0.5182226424763389,0.4373364936683827,0.4605938768811574,0.4951972575722845,0.488393892856841,0.3110202753242738,0.40682750666695666,0.24813990204717565,0.4991960171010484,0.49832875197181875,0.2397744763135483,0.24711642402281686,0.5376693911970969,0.31763854330836727,0.4083716159709662,0.48570570194461293,0.4265394760879322,0.3627190865317719,0.4637015277766561,0.3506527177845221,0.15442633818644658,0.41230462529554,0.5127804194529351,0.07195369607603198,0.4071794656518721,0.20578862825528388,0.4342164915682937,0.02532946592121049,0.4970404913016942,0.20630622122910552,0.462095176591906,0.5049282435208198,0.46975774017137767,0.4643509458527224,0.5814636104465989,0.5446853870180842,0.0016722600924840522,0.0009654798145507361
0.44062511808294774,0.30224016651651237,1.0000000000000013,0.41448404643679515,0.548150535450088,0.5186900549219461,0.4078993298554781,0.40178571835267307,0.3289159943028511,0.4316254055054051,0.38471283066789697,0.3700308708755541,0.5066489425018291,0.5082644514906259,0.5486024474304692,0.4584019639820302,0.45844005084409195,0.1610008893091746,0.5026931866759764,0.5176868173371174,0.46240107967372807,0.5294239424485612,0.48047643970961385,0.4251262686785659,0.6155039454037667,0.5911371623727322,0.587660017906658,0.5390479823407646,0.4787347987457786,0.3851968139940821,0.5063906912914476,0.49259787904667957,0.47446374646061906,0.47451761379435237,0.4017670096962503,0.4414004552340597,0.3672544672430006,0.48241431823305025,0.5160349193080426,0.1369305097380005,0.5078522410770026,0.46275187371248255,0.5251741589857781,0.43882152094571464,0.5135437598188825,0.32728534418200667,0.4210705096382617,0.4932273119173898,0.3651387776202681,0.5045815143617423,0.5312591759792433,0.2166236913668292,0.6298490048023547,0.517188086697288,0.6053721508002807,0.5329280900597028,0.5261032879117855,0.39713267203842967,0.35694983091900756,0.4868860032814778,0.47737728354482284,0.4660388995855549,0.47021272789785296,0.4925750065932111,0.36684611460180877,0.6571340392336835,0.40860934570151103,0.41999344706254416,0.3260858003791984,0.37455664777995806,0.424599881295229,0.5199275588657211,0.3684991624554403,0.3978264484665859,0.4428100262966004,0.5516071707855535,0.5573937252246666,0.48789301634694066,0.5330935671452864,0.49765491752723956,0.46898144495472827,0.3388565666613915,0.23986722105166253,0.4225824118144215,0.41476910988201504,0.14703428254775375,0.4463145365146443,0.30149361386391427,0.432200680352177,0.03907560829698044,0.4930578908260366,0.281865554654148,0.4324271590447851,0.4653216108733287,0.5915714756045665,0.44862467318024296,0.49480895744432496,0.46554765914924195,0.02210248368512676,0.012760874905367248
0.6467351387397626,0.4854179440599621,0.41448404643679515,0.9999999999999993,0.7222747287393094,0.7787568773538185,0.3667349447417989,0.6584750839726162,0.635720087213942,0.737142236984923,0.6697000033822098,0.4403401397234664,0.5559764899036794,0.7749972116475259,0.6918075171649172,0.7615833725497644,0.7391019530365226,0.17410068122461714,0.647056596926467,0.7336568750922715,0.45644936200659747,0.7448434372806159,0.7381177144426021,0.696694378649227,0.5327409787904046,0.6569611534288686,0.6820996633926998,0.5079369270490871,0.7049430315297005,0.39416667255981785,0.6846538731645944,0.4670495966098029,0.7294532213593731,0.7318658903129391,0.6947899021108715,0.48214127096794923,0.5733834358448838,0.7883772340661646,0.6435809545979589,0.10873941449680298,0.4743828461788506,0.7554599502843615,0.5047987800430909,0.4916421432819848,0.7465810805202538,0.3209256832363775,0.7031300850138713,0.503560011765417,0.43598278911968624,0.45437183041714174,0.7150848984924276,0.23205109230048326,0.6260912954040836,0.7372137584640603,0.5314163907542623,0.517264770359396,0.7250736290565989,0.6495216641729706,0.6259297943470976,0.7317679257387464,0.5440466964453732,0.503485472129403,0.6862803863668754,0.5362598694614984,0.6634470137339632,0.6510019639812326,0.7036322978534746,0.434151681946202,0.5207933178159181,0.3984057345586054,0.6966624121968751,0.6585134548961238,0.3693341507431426,0.38808423781615314,0.7157612199541762,0.5229546077102586,0.6229364425298859,0.5720334887295129,0.6308152428166325,0.5617910753555004,0.64565403701128,0.39024838827681707,0.2398327111123427,0.6239667315331412,0.6333466439272806,0.19089058372960344,0.5126817122528862,0.2983008299514217,0.5416709388911574,0.03890911955335702,0.6729250063070783,0.3021009308029494,0.6363199846719026,0.7528092987706988,0.6457627425065438,0.7056996365357402,0.7097409351576441,0.7037329312352434,0.001218111510965414,0.0017581925218971594
0.7477860808924081,0.5102926766977857,0.548150535450088,0.7222747287393094,1.000000000000001,0.8691618774316949,0.4581196728775185,0.7188774508469828,0.648044104113588,0.7833769214263109,0.6674925245030635,0.5440599983020517,0.6112264506436116,0.8324199745120132,0.7906546925453065,0.7169926004851801,0.8142498136869719,0.19993323468047547,0.772604728263429,0.8577469852255639,0.712148377184517,0.8278450192740598,0.8670453171610808,0.795847117537996,0.7929929160388421,0.7225755194373475,0.7820952716106586,0.591748613557065,0.8369700428852418,0.46195546191796855,0.7949833265070303,0.5501045222020553,0.7625484286942839,0.7636788950219213,0.6700444871251714,0.547274454948584,0.6201359113973647,0.7794564831503787,0.7785430756119315,0.13109772936052386,0.7262231152869806,0.8031275217310772,0.5547084411707783,0.5923842457191407,0.7381810235960324,0.3877801052680119,0.7641724911747366,0.615959134004833,0.5617482519171684,0.5314437136927292,0.7440496727736919,0.28056110171339527,0.7517104533753014,0.8348500690471139,0.7332083786116692,0.7703198727155041,0.9319732972912435,0.7136286076998564,0.6327684510715428,0.8207897448054706,0.6992868947381344,0.6470087496229651,0.8112038140749347,0.6853482842849254,0.6163877296290331,0.8347980136423404,0.8031322140396957,0.5591630229453233,0.5000891322350466,0.4702360548112939,0.8451303911753394,0.8131697100019433,0.45693313686592374,0.4573598059426436,0.7775270159308327,0.5967093872351424,0.6771182603988924,0.7659075658466299,0.7525544112664894,0.6542242950822081,0.813688755276732,0.4900472506070508,0.2891357917539387,0.7204248535611625,0.7038076419637106,0.1810736303186052,0.6645999086803192,0.37221146064810906,0.6660462684874746,0.0396581748305242,0.8588475361267975,0.3424515752354158,0.747971326041353,0.8150724439627298,0.8021884615926433,0.7759810431001669,0.843684655161266,0.8203026743551662,0.0021784359859543024,0.007546323617418507
0.7594675953627092,0.5062475042517265,0.5186900549219461,0.7787568773538185,0.8691618774316949,1.0000000000000042,0.46464265802725097,0.7218324584214899,0.6599707684196334,0.7880317579769733,0.6820549302451994,0.5316910353361978,0.6184239677527564,0.8755739320104338,0.7871824106837526,0.7524131440798156,0.8091137701376834,0.20198222373797864,0.7565586612163971,0.8288534251302898,0.6232386605693452,0.8319986224659934,0.8622292704325771,0.7914886286652241,0.7064592502030429,0.7380058203857515,0.7904287155938023,0.6046359683407505,0.8152763638070891,0.44961233874018053,0.8064886012949397,0.5462176681426333,0.7839267825539791,0.785009801262578,0.6966854131897736,0.5475681196998501,0.650362953385494,0.8409834346719812,0.7669058590374447,0.13736372069792252,0.6341242047869988,0.8534123371590259,0.5757050641292454,0.5841187625424336,0.7859650055864787,0.4002739929227819,0.7566957106227048,0.6320941079397782,0.5341822415419597,0.5351511962309582,0.7499595195373463,0.2764057760964921,0.747496584415079,0.8374967317388363,0.696587428634779,0.6893317620839862,0.8534490661375121,0.7216786536955243,0.6480556678026245,0.8119890190754249,0.6664440562705474,0.6103871374464513,0.7963421783981909,0.6577943022680641,0.6566383377852736,0.8099402207527548,0.7907669502816458,0.5483385245186574,0.527144883868901,0.4669783825382191,0.8202786307859576,0.7793726626997618,0.4423376854608847,0.44413972216465003,0.7738489122198975,0.6138980092598764,0.6790986073227431,0.7033851077778621,0.765334946267084,0.6648016307800696,0.8002372015872615,0.47321381160232834,0.3001484740414683,0.6993378679889691,0.6923238670605525,0.21976688594875105,0.6362135607372401,0.3678717007932437,0.6357524719806971,0.03968252639098226,0.8214269566401791,0.34581763303694335,0.7396545958242239,0.8395259425964524,0.7835884522010491,0.7830696178281933,0.8070355622570319,0.8008773279044421,0.0007017268703445456,0.004962991919264959
0.39111518242740073,0.23241644478589177,0.4078993298554781,0.3667349447417989,0.4581196728775185,0.46464265802725097,0.9999999999999988,0.35967201768383,0.3306629348788779,0.3919290952830082,0.3424133385814962,0.4114387925018146,0.4514989188436541,0.4013749182330103,0.48778640718947885,0.37004840057647964,0.3878304444701156,0.2435151062206532,0.4251533596454551,0.4342363168342662,0.2746287447227041,0.5519110549411542,0.38069869261584877,0.3912175314531897,0.4108542147713598,0.5336584654271157,0.4793272080543132,0.516860921681224,0.35949517039837664,0.40898624044982457,0.4775302556669092,0.5286154335704727,0.41269685340167395,0.4013374561219116,0.3466751365854184,0.4301698311343702,0.3654916978314083,0.4432808996295836,0.48173264212396927,0.18846589534653083,0.3305566938956489,0.42438060071344763,0.5311931595140997,0.3806438016757431,0.43472474669472105,0.327337512714874,0.34885549738085775,0.4844278184902189,0.2642316369695095,0.5157394444646612,0.4496436188976613,0.2738442238320039,0.5480066355208029,0.4655397505699529,0.4871583017843652,0.3322209031419848,0.4260681205881495,0.38558307969285033,0.32051337733764784,0.40124658350409675,0.33657196558021274,0.3525483000030313,0.39864903662003176,0.3121250109480912,0.35398050754287336,0.5075992955524209,0.366991946644607,0.37125467004211177,0.2419060919168959,0.45984170090373094,0.3708343899820668,0.42253074601035534,0.4460048762012959,0.4021887901176402,0.3709052954085008,0.4851057983050527,0.5194865025584947,0.3387543975417297,0.4497848741030045,0.44219964366805337,0.37513116299157856,0.29569362697899104,0.3343959578160419,0.35232711796146626,0.3567423238613401,0.19118900989147336,0.3791033889523415,0.32996965992410077,0.33817064407808334,0.15997686966574753,0.3840639621795562,0.247370884608369,0.3637269412825453,0.43888386913997246,0.501927735361589,0.41646387103047283,0.3816589715743357,0.3730823155213352,0.0002649416668354713,0.09724695370055005
0.6354873672932134,0.48877856649874096,0.40178571835267307,0.6584750839726162,0.7188774508469828,0.7218324584214899,0.35967201768383,1.0000000000000002,0.6279445878113241,0.7255583117492939,0.6916146278897408,0.48169875995611444,0.49729275817009666,0.7011085722030788,0.6490667803536972,0.6223724222328009,0.7542426300995568,0.21073239607954972,0.6518243778014728,0.7543741111269302,0.4522280427217248,0.7763044957506267,0.7306391869896507,0.7399065550659515,0.5741520171220061,0.5777217389115155,0.5957794855151592,0.4572376750244389,0.6740234315785973,0.36436949507865474,0.662771494528847,0.4425836295787329,0.7355077452713905,0.7369712150037858,0.6990346675720791,0.457387699140674,0.607970927122027,0.660040716197047,0.6833280360728933,0.08792303965505119,0.4980909110103516,0.6668717455155649,0.43798363840129306,0.48328595307908945,0.587243948000414,0.3274081630845582,0.7232438291851386,0.5049505418466206,0.46950607030308716,0.44340147658788254,0.5978860518854471,0.20380005409952826,0.6179347056980744,0.7233260846437958,0.47989862573272124,0.5332284681714682,0.6969166541972313,0.7984630683658915,0.6328606487929213,0.7507595644640587,0.5720004399882151,0.5070074733688367,0.6501788294966748,0.5852395832515046,0.5891307146157894,0.6099168382340067,0.7733094804470102,0.42258049374394413,0.43650716594451655,0.36316347757661727,0.7082157086443974,0.7173455940640433,0.41161125022441547,0.343749772528663,0.6752973375554624,0.5020695100767436,0.55845332071661,0.6002193752761942,0.5956440371878626,0.5434384857559774,0.5979723608275285,0.42515473334947645,0.29071080242863423,0.639760538481815,0.7263699225036855,0.11611967838525146,0.5405107675034531,0.28995769342008937,0.5348690699177516,0.04301519908394536,0.7562291455989084,0.3373402989830875,0.6202819966189361,0.7849972158262091,0.6676621623600052,0.6869368170569192,0.729042472009622,0.6937844031820609,0.0005946112439425192,0.005836082349807659
0.6453103918310299,0.3788655824208438,0.3289159943028511,0.635720087213942,0.648044104113588,0.6599707684196334,0.3306629348788779,0.6279445878113241,0.9999999999999996,0.7364628686378283,0.6260707429489598,0.3631970301827946,0.43582121434377796,0.6112388509587041,0.6166753387254651,0.57557222346775,0.6629565394128192,0.1458249440251338,0.5984152256547546,0.6176920168278127,0.343123565977204,0.6571987649936983,0.6489568576019378,0.7481181612187049,0.44862750572670396,0.5107424142447052,0.5386002211879171,0.4069127672632868,0.5634338118031306,0.3392774300313829,0.6200576852111915,0.35783967070166145,0.66607771911112,0.668211963827522,0.7053412513754114,0.3796673715213351,0.5359478234700111,0.6790184158774933,0.5748279273758083,0.09304828025669229,0.37494446993849234,0.6740342350357273,0.39235602099774175,0.38595492125494657,0.5616100013659262,0.2698810862366565,0.631685678772681,0.4667291904062434,0.32663424535271146,0.34460994201220374,0.5724948594517543,0.18103347595745162,0.513178354427337,0.6711898048632701,0.42931281289697,0.4018490495436928,0.6313902232344746,0.6456743822377724,0.5974205377248406,0.6435037456637122,0.41818703213161423,0.3865774002135772,0.6360425829497374,0.41135628382282147,0.6066219012252063,0.5235759190325481,0.6526658558145777,0.360149481151671,0.36044894222830925,0.30541258115797787,0.646809807477519,0.5742772654360155,0.33492238872916114,0.3161478325806111,0.6037950838149531,0.41906421863194687,0.5525367491514768,0.4669764000417709,0.5270202191057938,0.47769296643437653,0.5578644814129743,0.3043737737333565,0.2036129438075936,0.619476465512756,0.589350192317839,0.1064719855809141,0.41678146754892065,0.23381301247774408,0.4310161145332605,0.03400703769659289,0.6320373997613011,0.26654031449396715,0.6308822268550944,0.6779246530088197,0.5340179308724652,0.6769368809949657,0.6056263285695255,0.5808981635095387,0.0021898909917461937,0.0028447518455563536
0.7223642697135829,0.489442156993257,0.4316254055054051,0.737142236984923,0.7833769214263109,0.7880317579769733,0.3919290952830082,0.7255583117492939,0.7364628686378283,0.9999999999999987,0.7020758689216136,0.4557161611973243,0.6065580813720325,0.7222038318777311,0.7634904721117606,0.6679639480445452,0.8407373395216866,0.18423058122576652,0.7149086914002678,0.7661148822566888,0.48246677311166947,0.7879756777183546,0.7614699195294199,0.8002419934953986,0.5740479374169053,0.6677407493717868,0.6686364774650255,0.5521969026526605,0.7113080248423693,0.43962154031360046,0.7709249912687461,0.4838117272460711,0.7663982846782855,0.7707665386186853,0.7385612828756157,0.49484835116386267,0.6617816653772354,0.7870153989214203,0.7049808653471634,0.11450362678647555,0.5269391976222921,0.7541124264474381,0.5278210639005169,0.5260656448011232,0.6873558963678865,0.3713875938217436,0.7513895745447221,0.5568298087237042,0.4574824923956792,0.47371613531666534,0.6999607070535259,0.22038415123930238,0.667324448519601,0.8111308533723487,0.5924354430424542,0.5419961342145256,0.7496051777328341,0.7357828758205434,0.6806596175495017,0.8274148766863734,0.5563019711567297,0.531737133844933,0.7527374144219937,0.5373875334084168,0.6865699972102466,0.662647682645448,0.7692944141683118,0.4674724382323128,0.4468278832492958,0.42181950659552847,0.7636474422162736,0.7086078474565161,0.40585037572334265,0.42436426202202643,0.7581771919453106,0.5544189141521192,0.6599546557989626,0.5953993464743805,0.680864828907967,0.610531545292111,0.6710784932989621,0.4107349707862579,0.25937357824507834,0.680477016505876,0.6707728506263928,0.1319786812008906,0.5458684570218518,0.3076857035910482,0.5785530279801497,0.038311158736995685,0.7443492862531678,0.33551092269240157,0.7029186043847379,0.8010855938471395,0.6886530380241211,0.8520680886049672,0.7936946203689021,0.7180348337607754,0.0002605762600943721,0.0009402735869369482
0.620098255536324,0.4794806118996925,0.38471283066789697,0.6697000033822098,0.6674925245030635,0.6820549302451994,0.3424133385814962,0.6916146278897408,0.6260707429489598,0.7020758689216136,0.999999999999998,0.3947848813753898,0.4901690373362122,0.6843672004176999,0.6370670576030621,0.6507017866346295,0.6951849053824126,0.14433472216662582,0.6105940221122121,0.6950485020952379,0.4555275545870392,0.703053319336715,0.6925522582630306,0.6691650131921975,0.5279715401037899,0.584806787392979,0.6027136311472125,0.44844529837041575,0.6635770533347348,0.3529139550868493,0.6149555827246693,0.3874821238228003,0.7295189543114606,0.7336120787344442,0.6891358543914872,0.42597689145975826,0.5530219783640087,0.6850012340509205,0.611759039313593,0.09054222036655633,0.4786727342698613,0.6595388609023725,0.44250232003329054,0.43508874505136774,0.6228479083187175,0.2854703001328763,0.6779937804100862,0.4821830858180396,0.4123902671808545,0.39424225680988023,0.6264256447238307,0.20434722759787638,0.5738572364626884,0.6962303425790024,0.4792225727814899,0.5031394388938087,0.6651742191437893,0.6641923217280945,0.6347175034762707,0.6990041689242651,0.5122745892068081,0.4639425015200024,0.6192839536877457,0.5185512812833024,0.639712074885135,0.6036374995083129,0.713545864189236,0.386096577864906,0.4478525552450001,0.3459208988872715,0.6740024512055875,0.6240164032879164,0.33843263916465716,0.3328213547150606,0.6624684910803754,0.46288070656517055,0.5336659125458265,0.5646373824612934,0.5819782147401248,0.5236932311094451,0.5846455446022569,0.3653161877822281,0.19778346262751478,0.6111940501754047,0.667816166111051,0.12731014833722432,0.49524694169888867,0.2701802204923309,0.5064038744792749,0.04185457660631234,0.6607760584394979,0.3156304087558661,0.583842521206644,0.709379949765828,0.6263016170271564,0.6514752831876693,0.6787216838078477,0.6758937850634659,0.0006827368623343368,0.0007883566225088197
0.44543321109244954,0.31672780890861846,0.3700308708755541,0.4403401397234664,0.5440599983020517,0.5316910353361978,0.4114387925018146,0.48169875995611444,0.3631970301827946,0.4557161611973243,0.3947848813753898,1.0000000000000022,0.43833633097702107,0.4830625701451394,0.5115115034108725,0.4457147646302838,0.4947142850352255,0.17412200182796508,0.5099318742525869,0.5730232274222948,0.4474871518018608,0.5674181156073551,0.5034430820713618,0.5649540466840615,0.5024712794474044,0.5121442425269557,0.5206131776280113,0.4255725555538724,0.5235931805518912,0.3179457153064599,0.5341471385845116,0.4690515059605269,0.48228659071180024,0.4812948212224284,0.4243659522232562,0.4820397449018172,0.4162082963615643,0.4585276676525909,0.5600771279093059,0.10436221192020209,0.44854347310512876,0.45131286533017745,0.4010966267392917,0.5634254562018975,0.4689039744011181,0.27413418985610005,0.43991035603159634,0.4781450435122537,0.44670829887304153,0.41788849450271176,0.4718351564169051,0.2451376964035699,0.5271912119139118,0.5253990949303009,0.48558283216808285,0.46591920915089124,0.5392928784258901,0.46884329969984084,0.37871495237627995,0.5156780745841237,0.5433255271859501,0.5557095484717436,0.5178182385212763,0.47571243151438064,0.3776973544407326,0.5266347741203218,0.4702758485376646,0.5606497634456435,0.2929787962919712,0.4050001577483127,0.5506604274907431,0.600444206681032,0.36658532118304177,0.32800877180908616,0.48495213859662567,0.4839453607756108,0.5051861941005205,0.482915203932259,0.5224237077756876,0.5032767370803231,0.4736888484360996,0.40503135727692846,0.25988041587796884,0.4564751021451897,0.4190318248638446,0.11118730137624021,0.5750989743551018,0.4033712158785021,0.5384131107853479,0.053241209732894146,0.5159794684303608,0.26799101546617066,0.47904465364817733,0.5244094735624565,0.5520948203368368,0.4995524548250511,0.5055633572880422,0.5190247542042087,0.0026435491605095226,0.047695431857380705
0.5569868469038709,0.3785335148323866,0.5066489425018291,0.5559764899036794,0.6112264506436116,0.6184239677527564,0.4514989188436541,0.49729275817009666,0.43582121434377796,0.6065580813720325,0.4901690373362122,0.43833633097702107,1.0000000000000024,0.559133742367215,0.6626663041042475,0.5176645533893085,0.6456239165348371,0.1922522271317368,0.5886403824296482,0.6060731536479809,0.4266249489767378,0.6299496198460932,0.5254433478457693,0.5045540104480044,0.5162509687860408,0.7111648982712643,0.6359732525076193,0.739798361542532,0.5310026895394766,0.6210296074673255,0.6967641752038607,0.6344771268653067,0.5594481973595427,0.5606929719493458,0.47026580837771553,0.6162196816317332,0.5173159812063682,0.6326809895631551,0.672129503013686,0.15304885631351245,0.4961092735303709,0.5540265996248972,0.739738511255949,0.5684538560962531,0.6008804309073804,0.4400853480581823,0.5492921817898202,0.6240356671623019,0.39303925185320077,0.6018586423396242,0.6242644075648514,0.224410298400554,0.7465820179004186,0.6400162536966388,0.6296468832764779,0.45275097429837613,0.5817176421619881,0.5265811979341748,0.46627098257608185,0.6630390453898956,0.5059145509946894,0.5647495586088036,0.5590185874848534,0.41657799776099724,0.5096321790880827,0.6400917504270792,0.5223123981185096,0.4953632067284724,0.37527290145071307,0.5417338766320227,0.5174367508639336,0.5758528764468154,0.4189136212161287,0.6482984897116213,0.6108928441988267,0.6487262550656847,0.7454642214284379,0.4768963490809638,0.6780435257568572,0.6512529606193561,0.5421278811036752,0.373812315625002,0.28144523617113093,0.466862525708742,0.4975758812743664,0.1692678756310962,0.5404670376420533,0.4051427932727337,0.6441085621816376,0.053049726202651484,0.5674483160881123,0.2879227888612278,0.5044218237978219,0.596700266696033,0.7385461716454182,0.6368863927394637,0.6267313673507621,0.5297067134077826,0.0017028351499310086,0.0036867462457433426
0.6969787798405884,0.5415648691230266,0.5082644514906259,0.7749972116475259,0.8324199745120132,0.8755739320104338,0.4013749182330103,0.7011085722030788,0.6112388509587041,0.7222038318777311,0.6843672004176999,0.4830625701451394,0.559133742367215,1.0000000000000022,0.7423713859772851,0.7652596236090385,0.7757433358664717,0.17468306726157679,0.7397982094081285,0.8332784417043004,0.7237566728379636,0.7838599945243492,0.9008608998068517,0.7188025079809537,0.7587449307270582,0.7008551600532827,0.818870111880531,0.5135407512679689,0.8775480391063479,0.4011058140245457,0.7076231493802758,0.4589186962732527,0.7827180209764398,0.7845491782743517,0.684985190031741,0.5035803286190488,0.5651565635925901,0.8384804979538462,0.707046282770042,0.10397147830187813,0.72784295637743,0.8374169035753707,0.500860806830049,0.5349893427959773,0.8194566977597884,0.3223160367804568,0.7956676944532025,0.5440478102147367,0.5830054888050586,0.46360363851398934,0.7537633550941985,0.2885124502598251,0.6696552177978979,0.7773459843302448,0.6579758846943137,0.7860037659573271,0.8749716448493114,0.6556516888840671,0.6133237218069666,0.7868425090933395,0.7225814584678827,0.6255937857768479,0.773165336522821,0.7630709929221127,0.6396435378838273,0.8431294887794827,0.7641255071452523,0.5019222542629291,0.5896322597569145,0.40669123151443404,0.7996505446603046,0.7455939050142072,0.38638386369518807,0.3933048995184184,0.757457803959618,0.5180122147530682,0.5998982282140157,0.7803888698516208,0.7160348136419492,0.5771900016223336,0.8339095994454792,0.48807519009454603,0.2402630017790966,0.65400695224285,0.7221649914439121,0.22573221764346996,0.6418759630060074,0.3364262087162063,0.6347393021155904,0.03658017562431733,0.8190708906158742,0.31925527649236796,0.7091708135280271,0.80979396760182,0.758615957471604,0.7041735563435282,0.8352258621258117,0.8419796687706846,0.00021789280193204382,0.0017926566668617493
0.6834930815812565,0.5005139739036235,0.5486024474304692,0.6918075171649172,0.7906546925453065,0.7871824106837526,0.48778640718947885,0.6490667803536972,0.6166753387254651,0.7634904721117606,0.6370670576030621,0.5115115034108725,0.6626663041042475,0.7423713859772851,1.0000000000000004,0.6962861451621877,0.7864459975757804,0.22445211945108542,0.7224808899332557,0.7759460910327167,0.5556255454225734,0.7883773742990023,0.7355846151597656,0.7182131441223416,0.6672046493659634,0.7769635376318997,0.7966215736129032,0.6447435164865285,0.7348033245223715,0.48503015956374396,0.7562571790946966,0.5566017414110184,0.7387835723347651,0.7401206906026954,0.6309209898634858,0.582444400518259,0.6596503321695346,0.7699447367941723,0.7510569808310272,0.14027008544530917,0.6218106342481161,0.7209272199062235,0.6371756549365404,0.5831284505822824,0.7736257056788353,0.41982208478662875,0.703906718412848,0.6419749531222724,0.4929917637661791,0.5776480148805552,0.8009953578330533,0.25495038547727067,0.7719284324030908,0.8212183706889703,0.7427235932503684,0.6289683456476595,0.774220650651682,0.677519136866783,0.6209496408588545,0.7861787056234625,0.617384526416531,0.5811246515207696,0.7196448123359485,0.5892633536090615,0.650181811613114,0.78329931919026,0.6807024155185153,0.5237806445679557,0.49400205013735554,0.4936574827226487,0.688186726073231,0.7322844754961256,0.4610907751060451,0.4862082465180486,0.7287036444056332,0.6417002985433246,0.6772294370975335,0.64004106832159,0.7473434498535263,0.6384986975281066,0.6867864760278848,0.44295490780564145,0.3247629664500631,0.6477953745364227,0.6748768993511263,0.1671103515211692,0.5974530340430133,0.33933242741208774,0.5980359620983695,0.034553013014515715,0.7207024380738175,0.338881569736445,0.6409318376097132,0.7108253368400517,0.7648247106018046,0.762175932138811,0.7754894102178812,0.7144823142104186,0.0008472653652100896,0.003913351093432735
0.6194646104908414,0.46359631316321115,0.4584019639820302,0.7615833725497644,0.7169926004851801,0.7524131440798156,0.37004840057647964,0.6223724222328009,0.57557222346775,0.6679639480445452,0.6507017866346295,0.4457147646302838,0.5176645533893085,0.7652596236090385,0.6962861451621877,0.9999999999999994,0.6915187743612079,0.15974149483357092,0.6394665972081883,0.7399017082160451,0.5707684118061351,0.6989459743554625,0.7719810664337616,0.6696323433419062,0.6493726274129323,0.6777392446907002,0.6930420840264071,0.4763334570521815,0.7438085121621475,0.36277192394944424,0.6379373040084128,0.42387345775496577,0.7137973904734789,0.7149609354466973,0.6077734499632439,0.45382938405263334,0.5727867341418358,0.7216205586605594,0.6322516784234453,0.08834240826417084,0.608169222739045,0.6824141721821684,0.4646388614592339,0.4754802699352939,0.738961454009935,0.305351619975152,0.6639414563928356,0.499631008949079,0.4602683027053224,0.4228066311627582,0.723912606138942,0.23084143838317822,0.6347984919305396,0.7120437928742076,0.5867887224211208,0.6430715702479782,0.745807876101007,0.6050560857948786,0.5941073162526117,0.6997931496594847,0.562555066893326,0.533251752577901,0.6487346976331525,0.6094189932308969,0.6424337115425882,0.712826456160371,0.6894101831920094,0.43128084288064583,0.5378335675229943,0.38998153590475365,0.6863969137981094,0.6548201641340728,0.36981830923674264,0.3657749034851304,0.6645627385334407,0.49714488037732973,0.5500905755779308,0.677728975555034,0.6235971656727858,0.5314637888793274,0.6596740214905957,0.39272180449363975,0.22472316175166862,0.5968613273648138,0.6278597891403255,0.13909165773924434,0.534751304108877,0.29154627244733156,0.5314053423593434,0.038006114246618115,0.6972042968104102,0.33161243793169914,0.591756850449431,0.6965585644378058,0.6830973969867964,0.659988680988678,0.7110588248016563,0.7214920890790961,0.001061961340570283,0.0018393709975416867
0.7135178271773449,0.568818078564443,0.45844005084409195,0.7391019530365226,0.8142498136869719,0.8091137701376834,0.3878304444701156,0.7542426300995568,0.6629565394128192,0.8407373395216866,0.6951849053824126,0.4947142850352255,0.6456239165348371,0.7757433358664717,0.7864459975757804,0.6915187743612079,1.0000000000000004,0.18283104613125595,0.7324576322312396,0.8316167193393703,0.5725718634169056,0.8119700588496774,0.7951726480445508,0.7576613116210029,0.6452930475596901,0.6881052948361441,0.7262324433206419,0.5650053703680264,0.7945032702680898,0.44627346144795743,0.7818163396802189,0.5005615825637717,0.7795074202932446,0.7837228574460199,0.7011380025575679,0.5337915969866365,0.6850821782517088,0.770090097774248,0.7525163554687762,0.12562512963506567,0.603887086773581,0.7465024302423796,0.542054810853676,0.5688802149212085,0.7300586445367386,0.36956143683445986,0.794812845722816,0.5674180531658533,0.537451669185282,0.4882223864039692,0.7353529997790889,0.22391629199191032,0.6924352749975139,0.8237116047008447,0.6178935470948825,0.6211147245914574,0.8090095158140369,0.735607658971723,0.6580892293495401,0.915367992743519,0.6664924760642208,0.5920768698743928,0.7671738022089387,0.607013736277277,0.6553775502825654,0.7269442925082336,0.793860538092686,0.5004930749729891,0.5258891616726913,0.4283442803995989,0.7996712144351109,0.759992201245494,0.41196908588325937,0.4358940797908465,0.8112297197102323,0.5540223274370668,0.647114791413522,0.671484679465442,0.7065506138401407,0.6280374883278321,0.7214207816944853,0.4786077714861072,0.25643815590480157,0.6690282555842082,0.7298988815159209,0.1342845366377437,0.6050974989885322,0.3322558008939442,0.6460513876680014,0.04089512457736559,0.796108947775571,0.3457896280913869,0.7012982037735396,0.8104228525397961,0.7553233090705672,0.8147074051287031,0.8876442485755363,0.7877858427734732,0.000431495614320389,0.0016193067090331272
0.1686584147613209,0.11852481386896116,0.1610008893091746,0.17410068122461714,0.19993323468047547,0.20198222373797864,0.2435151062206532,0.21073239607954972,0.1458249440251338,0.18423058122576652,0.14433472216662582,0.17412200182796508,0.1922522271317368,0.17468306726157679,0.22445211945108542,0.15974149483357092,0.18283104613125595,1.0000000000000009,0.2001044581811992,0.19102991823947613,0.12337192785069487,0.2470534671212249,0.16802669423513278,0.17395854623021711,0.1699595954345839,0.23706055265788248,0.20346177600832216,0.2073268578895064,0.166855099109454,0.16176371455495248,0.2437260854484505,0.19281724806578288,0.1773549903200161,0.17499233965132885,0.15810215923838228,0.16343361446040833,0.15613223995596848,0.1846274339552652,0.20335224309334513,0.09554358373408085,0.15768832435559477,0.1787647948937583,0.19579893563474174,0.16908729964708819,0.19085354325373446,0.29311051794274484,0.16881763452357174,0.2284810566538965,0.1342979866569548,0.1752373839336366,0.19228187265297597,0.18116765522770653,0.22754455813738966,0.20794673571229477,0.20206089882801334,0.14851324000267327,0.18546823930040385,0.16880397408190262,0.14449198193618415,0.18817746096219135,0.1630110471042232,0.16148110289369072,0.2227961976466428,0.15121739639633439,0.16187688577206572,0.20003027333690124,0.1616490392811195,0.16930623200829678,0.10515780454238124,0.14625350925977476,0.18103699188807154,0.1873472266060734,0.25796639001053256,0.1924324357790923,0.1674180682484549,0.20481580761547136,0.20134278712821957,0.14985682641728598,0.19397151839313856,0.1918164221212678,0.15974509687620028,0.14095146662004596,0.4829694649396215,0.16063723981487896,0.15148680917549195,0.07517254181311919,0.17113999494811113,0.13347644443915244,0.15417952775506022,0.04089974317486211,0.172246809174727,0.1145418626425299,0.23155235039576488,0.21057118386566526,0.20045706843426364,0.19523681759953943,0.17552899952269257,0.1644622884005575,0.0019021515801980592,0.1117426362086991
0.6508650582073878,0.4774416042410419,0.5026931866759764,0.647056596926467,0.772604728263429,0.7565586612163971,0.4251533596454551,0.6518243778014728,0.5984152256547546,0.7149086914002678,0.6105940221122121,0.5099318742525869,0.5886403824296482,0.7397982094081285,0.7224808899332557,0.6394665972081883,0.7324576322312396,0.2001044581811992,1.0000000000000004,0.7829824935579448,0.6312886224998626,0.7327205301289061,0.7695312428907439,0.7171448279713719,0.7098252847145536,0.648797334813398,0.7454293353949284,0.5567527839119726,0.7555430634413212,0.43157593958449314,0.7108316117945297,0.5457135579959008,0.6946774801998283,0.69753738952213,0.6232774365717841,0.6164836651628233,0.538850542753456,0.7247692461023431,0.696518696837737,0.13349320752552188,0.6364462361726742,0.6940160223948875,0.5612047480719917,0.6363261135347592,0.6935784674527724,0.349926325680468,0.7041506072472774,0.53857203972256,0.6054091281265528,0.5204829601067398,0.6982568550131758,0.23469374175919733,0.666928557583715,0.7401018806958055,0.6703187251830398,0.6918375698930215,0.7617617051698033,0.6211347137385657,0.568452945062709,0.7594882516152544,0.7371045827062501,0.704771436367652,0.7617666027496791,0.6262504265310512,0.5598285837250426,0.7684430440017544,0.6698317434401503,0.5561504324513051,0.4687981362690994,0.43103899811294044,0.7074483911251792,0.7528248792466576,0.4070025242602838,0.4172932810877512,0.7035947821866045,0.6035393698695148,0.675600746028201,0.6780289141039704,0.6909517229952992,0.5659256150777787,0.6961251086473774,0.5269142474175024,0.2772271896099124,0.6460085305068154,0.6511857984171493,0.13632622818456464,0.7001505397065573,0.4180662891077196,0.6733626001075927,0.03987478059405741,0.7396927734187346,0.28864843463074175,0.7157719126397856,0.723869215168392,0.7373489639135643,0.7054264397286598,0.7760533903023421,0.7459102071268269,0.00019654200033914263,0.004624048254717015
0.6924232687730721,0.5606379015808197,0.5176868173371174,0.7336568750922715,0.8577469852255639,0.8288534251302898,0.4342363168342662,0.7543741111269302,0.6176920168278127,0.7661148822566888,0.6950485020952379,0.5730232274222948,0.6060731536479809,0.8332784417043004,0.7759460910327167,0.7399017082160451,0.8316167193393703,0.19102991823947613,0.7829824935579448,1.0000000000000036,0.7317824857013328,0.8045834498795587,0.8761781258331804,0.7887806321208446,0.7792352496696171,0.706494221646367,0.7698671733199968,0.5493386776084067,0.879191108063166,0.4265893799572284,0.7409127926819525,0.5254072846174819,0.7831373838887651,0.7867856674129488,0.6750880481751562,0.5551557660140245,0.6250666729306151,0.7657262371917675,0.7661774690918801,0.11480548756852439,0.7435896834139605,0.7425636016177883,0.5389961665568246,0.6351250996145147,0.7476778008758953,0.34010548539978125,0.7802272320985366,0.5629049219973221,0.6132307437407786,0.5089100623343771,0.7528257203924793,0.2509753392843697,0.7199798676661084,0.8139870823763431,0.6544840053265553,0.7704679057983639,0.8690999829887591,0.701539867680951,0.640619176154255,0.8473640010351459,0.7526773620546353,0.68238589718178,0.8081672135531204,0.7292341143740804,0.6137368219298842,0.8130124023397042,0.7958016550296765,0.5697416475767412,0.527696091177525,0.4423113383933528,0.8429975831789125,0.8396724098194395,0.45975468877694875,0.41935607283624676,0.8008814957427972,0.5700237373126943,0.6557887847340804,0.8082906222918247,0.7259314750110707,0.6364030262564044,0.7870953633652498,0.5371587965837759,0.25487736615325984,0.7176408723447162,0.7884271857976906,0.14375465019762235,0.71682307349843,0.3686379001938167,0.6892448687123001,0.04728616930689964,0.8431750274419316,0.3531906389474577,0.736716697942261,0.7926819156020888,0.814388476482868,0.760016555230052,0.8834904830399639,0.8520072735483607,0.0004993068658485268,0.00374757439427638
0.4775243295612339,0.4259389970480728,0.46240107967372807,0.45644936200659747,0.712148377184517,0.6232386605693452,0.2746287447227041,0.4522280427217248,0.343123565977204,0.48246677311166947,0.4555275545870392,0.4474871518018608,0.4266249489767378,0.7237566728379636,0.5556255454225734,0.5707684118061351,0.5725718634169056,0.12337192785069487,0.6312886224998626,0.7317824857013328,0.9999999999999982,0.5372993902272549,0.7766552540052692,0.49483080437597243,0.8685720215110846,0.5308728588136643,0.6544752745562418,0.3677741376929544,0.8507820874105165,0.28588002577054017,0.5325140167228696,0.3433675467758267,0.5373252925430617,0.5407167815721862,0.40742150886792444,0.4068444462226725,0.3496495481474715,0.5302985858054712,0.5397850727725585,0.08502551820163295,0.9128931255265499,0.5094414029851211,0.3627102960421133,0.49260544460930406,0.6094948610766067,0.23847729150258523,0.6056453106304847,0.38600741989616416,0.6037638048976227,0.3437156773472819,0.5908442421301636,0.21175471011630895,0.5083755725295536,0.5723292427739737,0.619502927617338,0.9227451156121389,0.7514896734153346,0.4074189865803738,0.3974518111178817,0.6298617721570186,0.7510782271125334,0.6739917693310361,0.6898037885634639,0.7421626524838589,0.3397883813883332,0.7785283523292508,0.5768126493830308,0.4957176916255535,0.4570733458312717,0.30756659398755765,0.7051695456312543,0.6579505439289863,0.2808068349375699,0.2911358802431941,0.5826231852129545,0.3850818385609801,0.4238721111910331,0.8676441582539111,0.5738547361359667,0.4339553889654672,0.7545318837466328,0.4786721595745749,0.17256398187523656,0.49142209897526734,0.5569900612659369,0.10031076378936182,0.6668169451902753,0.2976627245534177,0.6471885206606184,0.023326614841227594,0.7105957845753628,0.23429811471261516,0.5974492575199714,0.5473362539017521,0.7028937325562077,0.4993841339714159,0.7690303091706239,0.7776369014423913,0.0008549735228738799,0.0024680959679061866
0.7149867972338126,0.5190693396190412,0.5294239424485612,0.7448434372806159,0.8278450192740598,0.8319986224659934,0.5519110549411542,0.7763044957506267,0.6571987649936983,0.7879756777183546,0.703053319336715,0.5674181156073551,0.6299496198460932,0.7838599945243492,0.7883773742990023,0.6989459743554625,0.8119700588496774,0.2470534671212249,0.7327205301289061,0.8045834498795587,0.5372993902272549,1.0000000000000044,0.7820497358953227,0.7813320098534706,0.6579813072915466,0.7442581952851224,0.7424865248440431,0.6218354963765406,0.7498180094091684,0.47758763423658657,0.7865937601691786,0.558247679945677,0.8027023881181536,0.8001322698691717,0.7404751594646835,0.5493456674054186,0.6753630322419892,0.7998678175977161,0.7657003784300878,0.15974419768014542,0.5800222230884122,0.7956418245984604,0.5975057121174279,0.574204406337389,0.7388163122886533,0.41287192379930643,0.7530204942478219,0.6421938882555802,0.5082761765881055,0.5541667693187664,0.7339012702519953,0.30061025544085707,0.7757253793962735,0.8258695717729446,0.6453386911698737,0.6124423844456286,0.8062181720352258,0.7638812081490852,0.6662189304469084,0.8095694884539901,0.6342656135735463,0.5714265058358992,0.7542077290393554,0.6227974603043834,0.6745523543201535,0.7584494378465354,0.7878393509000112,0.5341003885158944,0.5008297278701296,0.4982021031599557,0.7763184249518119,0.771469868913669,0.5205449425865207,0.47100703611515954,0.7513078398770021,0.6255186160873591,0.6997107887694771,0.6443153986275822,0.719544680944142,0.685243913175233,0.7134087469153509,0.45943588663004076,0.3414593616457296,0.6973521489200094,0.685902184530452,0.22435758718275176,0.5987253895150604,0.3831916541139971,0.6141482950948651,0.0594140868084391,0.7921237777903503,0.3875204503041668,0.697969832558081,0.8350482775267004,0.7848171051816157,0.7803441222991663,0.7805448017435732,0.7627626537230545,0.0021039673731388397,0.029760790166573528
0.7190747709076877,0.5342286559870728,0.48047643970961385,0.7381177144426021,0.8670453171610808,0.8622292704325771,0.38069869261584877,0.7306391869896507,0.6489568576019378,0.7614699195294199,0.6925522582630306,0.5034430820713618,0.5254433478457693,0.9008608998068517,0.7355846151597656,0.7719810664337616,0.7951726480445508,0.16802669423513278,0.7695312428907439,0.8761781258331804,0.7766552540052692,0.7820497358953227,0.999999999999996,0.778912571473168,0.8112776456800214,0.6604141048497306,0.7658179308879876,0.4802252652704887,0.9118989916848381,0.37318630287412047,0.7214551609765474,0.44143545160305286,0.7710065629852711,0.7739188579440907,0.6814328902341784,0.4794266030132914,0.5834581977743785,0.8043630273251918,0.7113698339828807,0.09792630127048621,0.783554762428105,0.8015962822138929,0.4674174105708617,0.5408011054759299,0.7552118186487731,0.30297414737190637,0.8051214829923294,0.5182396624396428,0.5891585963385768,0.43868808237385043,0.7255054477462093,0.23913099128490223,0.658054137298362,0.7934748632475086,0.642583991100415,0.8336100702230831,0.8843019811237227,0.6938892923519666,0.6344177284833284,0.8108817373176757,0.7233219458848139,0.6535444349571391,0.8127099545476266,0.7408461544204663,0.613807630521234,0.8203789602318424,0.8158160523243299,0.5014595000742316,0.5468475971222588,0.3966595586938644,0.8627558522826226,0.7910448895539851,0.39025869720421946,0.36265103070440396,0.7739151840113123,0.5077064794228321,0.5976013483231812,0.829686495270667,0.6963153224939165,0.5654277753974832,0.8299708011300335,0.49696805999167726,0.23175090179069688,0.6877119673223282,0.7395174607376788,0.15891369632424235,0.6698705102586486,0.3313921288435424,0.6602538495223609,0.035751549299294104,0.8590483689783208,0.3194408707578547,0.7482396746261709,0.8156504315628189,0.7635396249459886,0.734140891211186,0.8720188704649068,0.8809219484061697,0.0004016234542997359,0.005043333655598834
0.7186650340183751,0.4519265979823954,0.4251262686785659,0.696694378649227,0.795847117537996,0.7914886286652241,0.3912175314531897,0.7399065550659515,0.7481181612187049,0.8002419934953986,0.6691650131921975,0.5649540466840615,0.5045540104480044,0.7188025079809537,0.7182131441223416,0.6696323433419062,0.7576613116210029,0.17395854623021711,0.7171448279713719,0.7887806321208446,0.49483080437597243,0.7813320098534706,0.778912571473168,0.9999999999999977,0.604006367795203,0.6115714398897892,0.6577288361267177,0.4728328608385962,0.7022983663089261,0.3565273073499218,0.7379067111104811,0.46357379158151035,0.7511025822664159,0.7536563518838305,0.7375903359445497,0.48383170007105647,0.6439679743326527,0.7355011631746347,0.6986887284049617,0.08864005518567974,0.515136514945806,0.7555963236228285,0.4381514158315607,0.539972209945891,0.6511759987297101,0.3153757543052822,0.6876684214200011,0.5616078472213197,0.46969846006669086,0.44761944991698543,0.652271836277998,0.21972903152922985,0.6260421058678034,0.7857448433102439,0.561030503840923,0.561659792252194,0.7770486014619586,0.7351231242557862,0.6517394144605266,0.7482414292022764,0.5803131335431672,0.5335115467830079,0.7531366900597096,0.590273544364036,0.6436663470362647,0.6628134242851254,0.7587266589049241,0.4997659215718925,0.39743641903033683,0.4303310920550999,0.7963115968886465,0.789865219780636,0.4136276946440132,0.34595626955876857,0.6984953537764987,0.5420566995960268,0.6334697978328401,0.623495334559151,0.6596950369698287,0.5960720434365101,0.674663543036909,0.4280502846853097,0.2476493183942225,0.7580447746244467,0.6736962881666425,0.12490786818601132,0.5758427322381061,0.319555428136911,0.5826899750024201,0.031193635953248693,0.7602589536836086,0.3493799040939648,0.7271720193487888,0.7785253626488287,0.6693666669828717,0.7718246406593183,0.7259679387550413,0.7157163668728976,0.0006941354980395064,0.0021039864123977158
0.5618535227334123,0.4423188049190999,0.6155039454037667,0.5327409787904046,0.7929929160388421,0.7064592502030429,0.4108542147713598,0.5741520171220061,0.44862750572670396,0.5740479374169053,0.5279715401037899,0.5024712794474044,0.5162509687860408,0.7587449307270582,0.6672046493659634,0.6493726274129323,0.6452930475596901,0.1699595954345839,0.7098252847145536,0.7792352496696171,0.8685720215110846,0.6579813072915466,0.8112776456800214,0.604006367795203,0.9999999999999989,0.6519402705363423,0.7371174212767001,0.5123519799755845,0.8352413366406952,0.3858949255188626,0.6280873710704684,0.4757628876475639,0.6191330892103111,0.6198396657051461,0.48931080868882154,0.4942288059850903,0.46096276619611093,0.6132042305490883,0.6662616224842344,0.1177357964226437,0.8917338099296621,0.6028082900372369,0.4998230401969262,0.5340117015254517,0.665477246515493,0.32560286647736436,0.647483380395074,0.5491628535642807,0.5720592539682348,0.49041792804870055,0.6716913721389483,0.24179444367141556,0.6775993371971251,0.6663891696180333,0.7213259617806462,0.9242433198587532,0.8004475624281396,0.5213079697440757,0.4697092716892386,0.6859217564779816,0.7187997799308923,0.6853681163968997,0.7013599658802172,0.7910331120800322,0.4413462563318922,0.8588124716653117,0.6579200568906747,0.5160239633379085,0.4670111425731346,0.4045399718971351,0.7364440457178177,0.7478073565988028,0.405659238068969,0.38817885117876805,0.6434850533488019,0.5547011042354439,0.5472541640030596,0.8575465448831983,0.6528966805580922,0.5399426494620841,0.7570033611247755,0.4933405689575511,0.2517609860996127,0.5863057326162453,0.626095148730384,0.1568047328748982,0.6705936621177291,0.3596611800604128,0.6367917804994395,0.03181996503093655,0.7754027574645919,0.28327465786168327,0.6337115991654001,0.6396951251603629,0.7719033529578663,0.5945988590814343,0.7933481733333436,0.7886325264506926,0.0007286023330435027,0.0021032937655742785
0.6169001126553978,0.43324479263657195,0.5911371623727322,0.6569611534288686,0.7225755194373475,0.7380058203857515,0.5336584654271157,0.5777217389115155,0.5107424142447052,0.6677407493717868,0.584806787392979,0.5121442425269557,0.7111648982712643,0.7008551600532827,0.7769635376318997,0.6777392446907002,0.6881052948361441,0.23706055265788248,0.648797334813398,0.706494221646367,0.5308728588136643,0.7442581952851224,0.6604141048497306,0.6115714398897892,0.6519402705363423,0.9999999999999982,0.7434849340589484,0.7369648923991247,0.6628533508189716,0.5530327202687835,0.7117301755781584,0.5845071423002325,0.679673088155426,0.6784993627725048,0.5568804288919842,0.5857825672765978,0.5837340999848513,0.7237153843573907,0.714874851336696,0.15352960806797253,0.6114229889077865,0.6626307535205475,0.7096947277272485,0.5849620973126639,0.7419264278938802,0.4728399590273692,0.6168120899231928,0.6728724991900946,0.44060993534668,0.5925485861385018,0.7432111173435587,0.29861870563431103,0.812103462022167,0.7465892271074336,0.7278967042769842,0.5875805668314928,0.7008959967114798,0.60825425720673,0.5502827963886309,0.6978108812531941,0.5578228198684602,0.5784282488322352,0.6286597683176106,0.574734589940314,0.6178026926238737,0.7546278513582751,0.6109557450915655,0.5318963887333368,0.44972671190444335,0.5350158008802688,0.616773973585243,0.65604421285572,0.4677332497607317,0.5901859955346709,0.6640554534865374,0.6677711962179966,0.6948933197959402,0.6060001996265196,0.7376587142850564,0.6964370848490316,0.6447367091123895,0.41245736416120216,0.325998054159499,0.559355158358592,0.5894745618980073,0.22992050231326766,0.5910314035262075,0.3811765459463364,0.5817490934313516,0.040589399895136775,0.6457184746374138,0.3460304386216707,0.5535889379242138,0.6721484738840842,0.7677567028681848,0.680877494508447,0.6863229856425703,0.6453294960299863,0.0015907737966674466,0.010561987316846166
0.6414186297687896,0.504269752954895,0.587660017906658,0.6820996633926998,0.7820952716106586,0.7904287155938023,0.4793272080543132,0.5957794855151592,0.5386002211879171,0.6686364774650255,0.6027136311472125,0.5206131776280113,0.6359732525076193,0.818870111880531,0.7966215736129032,0.6930420840264071,0.7262324433206419,0.20346177600832216,0.7454293353949284,0.7698671733199968,0.6544752745562418,0.7424865248440431,0.7658179308879876,0.6577288361267177,0.7371174212767001,0.7434849340589484,1.0000000000000022,0.6225075216893723,0.7832922278990839,0.46272044672356905,0.7138275620499746,0.5896973301566787,0.702376050231144,0.7045250643934022,0.6003181871803295,0.6046749611422693,0.5454936991462698,0.7825009096324207,0.7161122001035457,0.14493091846482115,0.6645280144447641,0.7420160275182244,0.627998354356188,0.5976058478624318,0.8220651747851769,0.37573176452617174,0.6987621803409629,0.5753763261133489,0.569750399514203,0.5839208139929251,0.8051794254708625,0.2813901395468327,0.731439868987941,0.7599146998932202,0.7735650169724451,0.7350015749018515,0.803955575375493,0.6035713608711355,0.5551630770969253,0.7457230430025661,0.7197236345388596,0.6380783311666279,0.7413887748171685,0.6718065810083834,0.6087092376759378,0.8677469559744044,0.6416956231757878,0.5459716043263905,0.5366747029576302,0.4934186359989172,0.6828488301242762,0.7261098517321062,0.41582007936199283,0.47024789277179213,0.7078437310567514,0.6202960811317229,0.6831265786167287,0.6970979759327625,0.7288616391175697,0.6003439060777849,0.7376963500694074,0.48946502384858614,0.2845949626627991,0.6034981031820564,0.6334704814963704,0.1941728811179526,0.6427254397695417,0.3707848064024104,0.6391860605964355,0.03292745895461651,0.7300918418848386,0.2930012190528397,0.6685964069409223,0.6997758650521795,0.7628350316953394,0.6747072130816986,0.7665111984637487,0.757928323140577,0.0002478405549704835,0.007047222448069511
0.5342894012831062,0.3341366978674982,0.5390479823407646,0.5079369270490871,0.591748613557065,0.6046359683407505,0.516860921681224,0.4572376750244389,0.4069127672632868,0.5521969026526605,0.44844529837041575,0.4255725555538724,0.739798361542532,0.5135407512679689,0.6447435164865285,0.4763334570521815,0.5650053703680264,0.2073268578895064,0.5567527839119726,0.5493386776084067,0.3677741376929544,0.6218354963765406,0.4802252652704887,0.4728328608385962,0.5123519799755845,0.7369648923991247,0.6225075216893723,1.0000000000000016,0.4786730957794792,0.5939719292841874,0.6401472629772411,0.6303612929593658,0.5259713712364714,0.5234133611548552,0.43540726237770877,0.5626133639047093,0.48383491902581544,0.601519145624922,0.6395374247068878,0.16262325478134887,0.41028456300268923,0.5386559506143913,0.8136337329303723,0.5312641397387927,0.5738338744615364,0.436088676649925,0.491565345027703,0.6438035105591285,0.3414995202922771,0.6847726231323201,0.598911894956313,0.24470970532707031,0.8275846241075441,0.6232956780559101,0.6313761858895988,0.4090521066609038,0.5396121631240036,0.5015216878123092,0.4363760274080009,0.5707660237389411,0.4377767569855422,0.4823182324616753,0.49835236240501524,0.37928920365703644,0.4744500959887821,0.6300360490150916,0.47675209761049764,0.4864858517934909,0.3424343968858228,0.5185368381484734,0.46641124895443237,0.543525012777725,0.42598793186456474,0.6217699705330819,0.54656419597566,0.6693929124598684,0.7242020673491147,0.39698137594024474,0.651418230802375,0.659320177729191,0.48720384590490906,0.32666431392855605,0.3317765774390521,0.44430645951583203,0.4361640672409804,0.1959744295435299,0.4928954362046312,0.3650890737601791,0.4926830433294482,0.04615333655341823,0.4994168712903412,0.2720812706982073,0.44676389936403993,0.5466320295603009,0.7050448015312698,0.5820997078108089,0.5281000524053748,0.48238886035431605,0.001706568507062367,0.005665404774922224
0.6546875957396233,0.57127178402879,0.4787347987457786,0.7049430315297005,0.8369700428852418,0.8152763638070891,0.35949517039837664,0.6740234315785973,0.5634338118031306,0.7113080248423693,0.6635770533347348,0.5235931805518912,0.5310026895394766,0.8775480391063479,0.7348033245223715,0.7438085121621475,0.7945032702680898,0.166855099109454,0.7555430634413212,0.879191108063166,0.8507820874105165,0.7498180094091684,0.9118989916848381,0.7022983663089261,0.8352413366406952,0.6628533508189716,0.7832922278990839,0.4786730957794792,0.9999999999999976,0.36394716080411105,0.7026141748677517,0.4299994015787063,0.7415552635678224,0.7450765694357062,0.6301439093143221,0.48672262254466325,0.5471039955426668,0.7598807937426768,0.7021952470991536,0.11137322470579092,0.8286021963389563,0.7272446556685989,0.4675514986004374,0.581820731786015,0.7795697170652481,0.3078574505493492,0.8050502926116208,0.5089038768435006,0.643631872581155,0.4300216879919986,0.7519867070258975,0.2693173133495175,0.6451883611732117,0.7757290267376762,0.6409651236612777,0.8612807377551943,0.8794554740953634,0.630952408505199,0.594425019542816,0.8151291471724685,0.7926594447662083,0.687177178351503,0.8135146598662931,0.765082522966622,0.5761670039770779,0.8274773283723759,0.7716665802401086,0.5431956489719603,0.5711551936651913,0.36825564168914765,0.8538097558381305,0.7850637135615397,0.36383988096785236,0.3560008014136037,0.7746713049382273,0.4844272972634743,0.567642557859775,0.8621060813260557,0.6986173960388999,0.5729279480374612,0.8338324701920866,0.5342821675855298,0.23226930020966802,0.6469861702982311,0.7394864695727648,0.15715633506846624,0.7104774462087236,0.33195504289968847,0.7028911365051408,0.03455161705016137,0.8384497269186998,0.32190061599975484,0.7278018113749098,0.774377215829086,0.779445522106974,0.7012840658682865,0.8972732737059327,0.9075892019468152,0.00044038475873158775,0.0022247422662560424
0.42702239564771943,0.25636699937547874,0.3851968139940821,0.39416667255981785,0.46195546191796855,0.44961233874018053,0.40898624044982457,0.36436949507865474,0.3392774300313829,0.43962154031360046,0.3529139550868493,0.3179457153064599,0.6210296074673255,0.4011058140245457,0.48503015956374396,0.36277192394944424,0.44627346144795743,0.16176371455495248,0.43157593958449314,0.4265893799572284,0.28588002577054017,0.47758763423658657,0.37318630287412047,0.3565273073499218,0.3858949255188626,0.5530327202687835,0.46272044672356905,0.5939719292841874,0.36394716080411105,0.9999999999999981,0.5041339801583158,0.5221365288555184,0.3918283572939555,0.39170105509117015,0.3398358138858189,0.4719707523475052,0.37390275214861135,0.4527164192826095,0.5018526453557584,0.14008336675510388,0.34515301238489016,0.4094107460805011,0.6094559695240209,0.4110627806850723,0.42612683314613037,0.36679519484987255,0.3879187043283917,0.5041736054718094,0.24237637349804125,0.49295601858835864,0.44711493171145267,0.17847085937746485,0.5822756940323656,0.4779249209838844,0.4763658484568591,0.31563899369261983,0.42405523059130357,0.39787973963793943,0.3322268507072544,0.4557278293674041,0.32057838799414484,0.4157467070899783,0.39207091671589234,0.28617251939617305,0.3758983591964534,0.46665998865042846,0.3691366930453077,0.3625125345752414,0.2519902838878743,0.3936815049201421,0.35994765832936215,0.4015128383708164,0.337951278067224,0.6477602185495468,0.41788957878518773,0.49864618618075673,0.6016007491206985,0.32933984378755987,0.503727584815872,0.48667737701882297,0.3774985129577251,0.2573270337693935,0.2315304863695577,0.33036638526807116,0.3242916109961325,0.14945329038072974,0.4082297807717138,0.3130042399345211,0.3890901413495158,0.05315589102753442,0.3836177689664691,0.18409735972050534,0.3486311174211506,0.43058217252845776,0.5299500416050902,0.4587884556154997,0.4201640584368389,0.3718612623329936,0.001254901729199241,0.0023546830162690536
0.7036183236182514,0.4617800980274507,0.5063906912914476,0.6846538731645944,0.7949833265070303,0.8064886012949397,0.4775302556669092,0.662771494528847,0.6200576852111915,0.7709249912687461,0.6149555827246693,0.5341471385845116,0.6967641752038607,0.7076231493802758,0.7562571790946966,0.6379373040084128,0.7818163396802189,0.2437260854484505,0.7108316117945297,0.7409127926819525,0.5325140167228696,0.7865937601691786,0.7214551609765474,0.7379067111104811,0.6280873710704684,0.7117301755781584,0.7138275620499746,0.6401472629772411,0.7026141748677517,0.5041339801583158,1.0000000000000044,0.5930498514098019,0.7034282800007889,0.7056631574876115,0.6349111092449271,0.5635143453533895,0.6399667285278025,0.7518889264331734,0.760599199697751,0.1528605515443799,0.5654594825799749,0.7418019976226848,0.6111422423549879,0.5917310684708209,0.6808969741981047,0.4813962662749128,0.7083400874579395,0.6792933073324415,0.4841187888637083,0.5603616775297529,0.6944714786203052,0.2714468469345837,0.7474135940340533,0.7956824545252602,0.6736479851630464,0.5798660511763426,0.7560882536593558,0.6818117893399612,0.6145196478047956,0.7803461082713758,0.5930197215255097,0.5874443745589094,0.7836369212442938,0.538385861972347,0.6192918017992608,0.7225565529984356,0.72694676041126,0.5559390455578068,0.44030292782463704,0.5228563822869119,0.7550150590563026,0.7185199221190878,0.46896444889023736,0.5180842485138937,0.7329481391867483,0.6377839897669353,0.715551914473355,0.5945450974219035,0.733916699391232,0.6869992646440126,0.6950382204326575,0.43651462476236635,0.3663389532593382,0.6359711744604408,0.6044301695056383,0.17050963169981923,0.5927933667246033,0.39204214765792283,0.6324653472260606,0.043772273425128363,0.7429030400707799,0.34391743999057667,0.7191337916521273,0.7850960428004681,0.7635302310920782,0.7942125497522664,0.7533274245190763,0.6951725721065184,0.000214113781809926,0.00605731382869331
0.46988683451963553,0.2971396032083657,0.49259787904667957,0.4670495966098029,0.5501045222020553,0.5462176681426333,0.5286154335704727,0.4425836295787329,0.35783967070166145,0.4838117272460711,0.3874821238228003,0.4690515059605269,0.6344771268653067,0.4589186962732527,0.5566017414110184,0.42387345775496577,0.5005615825637717,0.19281724806578288,0.5457135579959008,0.5254072846174819,0.3433675467758267,0.558247679945677,0.44143545160305286,0.46357379158151035,0.4757628876475639,0.5845071423002325,0.5896973301566787,0.6303612929593658,0.4299994015787063,0.5221365288555184,0.5930498514098019,0.9999999999999982,0.4643205629189865,0.46223502540590683,0.3991516253414313,0.6358500341105208,0.4045660545699684,0.5305091439578586,0.577093150985317,0.15815043399609713,0.3680005140959699,0.4833179904616432,0.6835634543944316,0.5678626526005486,0.5160312683123497,0.34370286896854374,0.43133643099005026,0.49366438965734516,0.36304203590628237,0.7714712486870907,0.538163340870236,0.24094042957738107,0.6573229795626221,0.5516633275986614,0.5718348299050656,0.39378044355945563,0.4872912981104125,0.433405643725956,0.38470910931801794,0.5254442913870987,0.4700744742805986,0.5665757694369757,0.48311904434712216,0.3822358389134472,0.4186436531132236,0.5812729303303902,0.4202240301798164,0.4723845009030125,0.28961053995895036,0.5573600871779476,0.4195067897629252,0.5641154021966402,0.39918472813575134,0.49396601269404383,0.48760531153460385,0.6903969102673715,0.7211229074622603,0.36395564705246825,0.5539532623188524,0.5507663684295885,0.44251126147280195,0.3723058153069846,0.2951324480473747,0.4280087880263872,0.3807975597162246,0.1471926773569554,0.49591109478567297,0.46173008969700047,0.4978268115343798,0.046048497913320635,0.4696397955873738,0.26115916445425225,0.45379988771697627,0.508662589267708,0.6245361967766628,0.5342897129549559,0.4818907941960883,0.43767093009786906,0.000415219157608163,0.0015582248007154568
0.6931754353938844,0.508584751894399,0.47446374646061906,0.7294532213593731,0.7625484286942839,0.7839267825539791,0.41269685340167395,0.7355077452713905,0.66607771911112,0.7663982846782855,0.7295189543114606,0.48228659071180024,0.5594481973595427,0.7827180209764398,0.7387835723347651,0.7137973904734789,0.7795074202932446,0.1773549903200161,0.6946774801998283,0.7831373838887651,0.5373252925430617,0.8027023881181536,0.7710065629852711,0.7511025822664159,0.6191330892103111,0.679673088155426,0.702376050231144,0.5259713712364714,0.7415552635678224,0.3918283572939555,0.7034282800007889,0.4643205629189865,1.0000000000000002,0.9968423092180538,0.727196015868375,0.5075708026517023,0.6270073618871952,0.767194933846281,0.6968112874618122,0.11203639022316175,0.5644963977207671,0.7449988493908543,0.5121295071931184,0.5206201836748954,0.7140681816311534,0.34172359099502786,0.7372723439856104,0.5484688835294885,0.4958343878625416,0.4674777755602537,0.7101437973948086,0.2399148864677552,0.6679682728825254,0.7893758952959625,0.5922659865052381,0.5962348729165479,0.754097073641675,0.71786421448924,0.6706378029891928,0.7835965079688463,0.6156076822927604,0.5425381492654453,0.704660180977883,0.6127978445321768,0.6623011930265867,0.7127941220330568,0.7558900199803215,0.47054497418460395,0.4969173249722458,0.41950937387378595,0.7419241063329923,0.718806369835961,0.39322761074403645,0.38278753642872465,0.7395072516310588,0.5443352298807438,0.6128668356210738,0.6488100562790502,0.6853652933526095,0.6004702512691591,0.6736884204406282,0.4336390379111661,0.24717586199787134,0.6754738127357267,0.722791421687094,0.1655331561404888,0.5735375683710454,0.32273457477815964,0.5817478709517567,0.04736242277136344,0.7474224913463849,0.37652778058367425,0.6497930082089456,0.7758650760654997,0.7225339619058672,0.733982721722118,0.7682743685088336,0.7540566961319053,0.0004291933643190261,0.006194872610599772
0.6944996219871293,0.5113478214367773,0.47451761379435237,0.7318658903129391,0.7636788950219213,0.785009801262578,0.4013374561219116,0.7369712150037858,0.668211963827522,0.7707665386186853,0.7336120787344442,0.4812948212224284,0.5606929719493458,0.7845491782743517,0.7401206906026954,0.7149609354466973,0.7837228574460199,0.17499233965132885,0.69753738952213,0.7867856674129488,0.5407167815721862,0.8001322698691717,0.7739188579440907,0.7536563518838305,0.6198396657051461,0.6784993627725048,0.7045250643934022,0.5234133611548552,0.7450765694357062,0.39170105509117015,0.7056631574876115,0.46223502540590683,0.9968423092180538,0.999999999999995,0.7296921182333462,0.5064225429853961,0.6290887812129484,0.7688187093261392,0.6980235561920581,0.10910606753500438,0.56682844042744,0.7460408270031167,0.5106647204599613,0.5225703319828479,0.7137064780972614,0.3387682161606863,0.7412710959523117,0.5460109904742123,0.49725071395655385,0.4643907240294687,0.7110396834198508,0.23617737114477624,0.6667926333652743,0.791443568930774,0.5937927966244261,0.5995494233021428,0.7555840692959195,0.7197975488221302,0.6734314610306178,0.7872723357489231,0.6181798360188899,0.5435717091691874,0.708934786744938,0.614743612983622,0.6640769305977356,0.71356532946825,0.7574219977555361,0.4699881633629692,0.4982614150209809,0.4174509870089412,0.7434983890282387,0.7203899112620977,0.38892676203745524,0.38263026580313764,0.7425616050821469,0.5456542134693612,0.6131721254780584,0.6511581157456316,0.6836585458772445,0.5992253538717773,0.6754575702170176,0.4333172437396199,0.24474517617066882,0.6787292280957715,0.7261534719118121,0.15243503775488226,0.5758018099512621,0.3204164864669361,0.5841829205514073,0.04376164320187991,0.7494209270909388,0.3587565067410931,0.6534637342373205,0.7755670778369339,0.7236497784272983,0.7383905648646494,0.7716019448662028,0.7573659600455237,0.0004402130936712097,0.0022238750461538704
0.6387824655783056,0.4680251534924347,0.4017670096962503,0.6947899021108715,0.6700444871251714,0.6966854131897736,0.3466751365854184,0.6990346675720791,0.7053412513754114,0.7385612828756157,0.6891358543914872,0.4243659522232562,0.47026580837771553,0.684985190031741,0.6309209898634858,0.6077734499632439,0.7011380025575679,0.15810215923838228,0.6232774365717841,0.6750880481751562,0.40742150886792444,0.7404751594646835,0.6814328902341784,0.7375903359445497,0.48931080868882154,0.5568804288919842,0.6003181871803295,0.43540726237770877,0.6301439093143221,0.3398358138858189,0.6349111092449271,0.3991516253414313,0.727196015868375,0.7296921182333462,1.0000000000000029,0.41923969766057256,0.5562902943232726,0.7118454193472952,0.6146089111252162,0.09567932037301544,0.4244811114702596,0.6971945679773994,0.4267202849590748,0.4467405394790086,0.6195912714401111,0.27424390706287344,0.6843257070884601,0.498956501966752,0.4147945086166365,0.39510788302832145,0.609951963806115,0.20366251399776286,0.5586339348912585,0.7042698033006709,0.4653963880101895,0.45846852872675403,0.673450679748705,0.7029624318428297,0.6367953974150007,0.6971049171705842,0.5406082940863105,0.43642411839759854,0.6696127316536759,0.5094336004203441,0.6261671505043198,0.5904799698420569,0.7064108030827861,0.4238403144504458,0.47749006545243455,0.32961872173871065,0.6800562223582206,0.6314808512706735,0.3507174670379979,0.3274246721644508,0.6452071205917158,0.4540704707913599,0.578807403179693,0.5262282036711337,0.5919866638119604,0.5210835279006982,0.5928421465592579,0.36961134192476514,0.23024217616240006,0.628547105148216,0.6332530235430596,0.1414469128603732,0.4813638384720771,0.2800520762627264,0.4950207753912004,0.0405331453164039,0.6795621145757723,0.3216530579818252,0.6648373158619598,0.7355702882394164,0.5876921058585206,0.6761441835709217,0.6567020170216528,0.6528346362309417,0.0012365829246475382,0.008031841699731198
0.4640496719333421,0.3564227086722737,0.4414004552340597,0.48214127096794923,0.547274454948584,0.5475681196998501,0.4301698311343702,0.457387699140674,0.3796673715213351,0.49484835116386267,0.42597689145975826,0.4820397449018172,0.6162196816317332,0.5035803286190488,0.582444400518259,0.45382938405263334,0.5337915969866365,0.16343361446040833,0.6164836651628233,0.5551557660140245,0.4068444462226725,0.5493456674054186,0.4794266030132914,0.48383170007105647,0.4942288059850903,0.5857825672765978,0.6046749611422693,0.5626133639047093,0.48672262254466325,0.4719707523475052,0.5635143453533895,0.6358500341105208,0.5075708026517023,0.5064225429853961,0.41923969766057256,1.0000000000000009,0.4243876435565545,0.5388253672224894,0.6087696958388351,0.10767940288972286,0.42239442166596874,0.4758547748858536,0.6117332591425928,0.6807074675195587,0.533773130698949,0.31912377397041236,0.4818691733673278,0.4578208578498639,0.5685726347831979,0.5814974864374836,0.5468745643957396,0.1976936587086056,0.590997526094508,0.5559110721616822,0.5489519003621404,0.4318495746884899,0.5212557809520373,0.45302153019701286,0.40265083356413117,0.5545182158977955,0.6345738343922052,0.7905180972683307,0.5052684360509019,0.4369701993467814,0.42791839831220246,0.5756173867535904,0.4312731577332882,0.5247524057659565,0.33519713208424845,0.4785895232019446,0.4514961969243412,0.5440080529883417,0.3343095724075319,0.45528658333379246,0.5322954746856381,0.5968192387914439,0.6547483765049881,0.43495372167755963,0.6408610210072447,0.5176270883783975,0.47953705483326403,0.5023454330474396,0.2376905342577673,0.4388295698042525,0.45963284045920255,0.13077270407418193,0.6927073463747238,0.5762503412838231,0.7011573780780593,0.038506441217341,0.49069151342098477,0.23375303847390025,0.45733338720081257,0.5034743621593392,0.6214085907946789,0.5214991527852879,0.5378234028006406,0.4837310918545667,0.000955966917966363,0.009796717694280557
0.5619941894376372,0.3842526663095441,0.3672544672430006,0.5733834358448838,0.6201359113973647,0.650362953385494,0.3654916978314083,0.607970927122027,0.5359478234700111,0.6617816653772354,0.5530219783640087,0.4162082963615643,0.5173159812063682,0.5651565635925901,0.6596503321695346,0.5727867341418358,0.6850821782517088,0.15613223995596848,0.538850542753456,0.6250666729306151,0.3496495481474715,0.6753630322419892,0.5834581977743785,0.6439679743326527,0.46096276619611093,0.5837340999848513,0.5454936991462698,0.48383491902581544,0.5471039955426668,0.37390275214861135,0.6399667285278025,0.4045660545699684,0.6270073618871952,0.6290887812129484,0.5562902943232726,0.4243876435565545,1.0000000000000009,0.6309635033625902,0.6131058221099623,0.1146470588785292,0.4212406553250333,0.6023397013758518,0.47462516892506035,0.44137887395167563,0.5780960018505966,0.3446521576088334,0.5607185856620787,0.514251515241145,0.3252968990639301,0.4273451843512225,0.5936584140744126,0.20247699687365883,0.5945259977794333,0.6836991985312267,0.5110924389315902,0.40768204257950424,0.6016870614429511,0.6229123037686469,0.5470513789022178,0.6512813046723835,0.404757966330084,0.41499020591780017,0.5485502766016811,0.43232987533501693,0.5936681419217062,0.5391032696837887,0.6376183893374074,0.4008041604467386,0.3378696442040282,0.3731392988251411,0.6022169976698997,0.5792989678980163,0.3638328417828536,0.3774292585452717,0.5797341475585952,0.5053771330878966,0.5280109749045939,0.48486872235361533,0.5768128982081436,0.5355982189688844,0.5361044600086254,0.30381059777843467,0.2308242072471681,0.5437325426146864,0.5658387035514725,0.11826706229314328,0.42979214581437636,0.25418761566525555,0.44756659860167197,0.047607424053463895,0.6019953837687044,0.3041205291682534,0.4927777236391935,0.6408732665886817,0.6006175210965086,0.6699387063858409,0.6003950260816726,0.5700909267919374,0.0032937175929375123,0.002377035923646349
0.7049305466911238,0.5016650409362016,0.48241431823305025,0.7883772340661646,0.7794564831503787,0.8409834346719812,0.4432808996295836,0.660040716197047,0.6790184158774933,0.7870153989214203,0.6850012340509205,0.4585276676525909,0.6326809895631551,0.8384804979538462,0.7699447367941723,0.7216205586605594,0.770090097774248,0.1846274339552652,0.7247692461023431,0.7657262371917675,0.5302985858054712,0.7998678175977161,0.8043630273251918,0.7355011631746347,0.6132042305490883,0.7237153843573907,0.7825009096324207,0.601519145624922,0.7598807937426768,0.4527164192826095,0.7518889264331734,0.5305091439578586,0.767194933846281,0.7688187093261392,0.7118454193472952,0.5388253672224894,0.6309635033625902,1.0000000000000009,0.6933819670101394,0.1262840821784938,0.5536271940451527,0.8311441229358709,0.6068109188824087,0.5233529961714977,0.8095349194626343,0.36453540941426776,0.7630234421322664,0.5531216242895929,0.4678768889808018,0.5262581067047662,0.7683737461581721,0.2773374049095271,0.7088360037094906,0.8061168895734796,0.6342892028716991,0.600837160300576,0.7850697947679525,0.6780072952413712,0.6612752232923942,0.7648915779856204,0.5919500560689961,0.5520680957079585,0.7500443163575679,0.5715175682150927,0.7233486884339031,0.7563988981682459,0.7340629470956854,0.47784096171896423,0.5133036622438858,0.4914398386845619,0.7308953301607655,0.7035613672942946,0.4137554668017409,0.45018717870510183,0.7599712880221503,0.592837406487889,0.7140899008683697,0.6079111691723555,0.7061226591026919,0.6141104140949569,0.7422323032276363,0.414128762041127,0.26719649407266244,0.6382562215305283,0.6510194965186161,0.20504947817183675,0.5425836541492417,0.33083574822359907,0.5843921831902595,0.04321058424032468,0.7369535105602739,0.31044266006916954,0.695924516150177,0.7976652588608046,0.7294300363853177,0.7602105302316993,0.7533675934596699,0.7540001661024057,0.00028984952939565097,0.002635679085181781
0.6711870677978121,0.45253880105021865,0.5160349193080426,0.6435809545979589,0.7785430756119315,0.7669058590374447,0.48173264212396927,0.6833280360728933,0.5748279273758083,0.7049808653471634,0.611759039313593,0.5600771279093059,0.672129503013686,0.707046282770042,0.7510569808310272,0.6322516784234453,0.7525163554687762,0.20335224309334513,0.696518696837737,0.7661774690918801,0.5397850727725585,0.7657003784300878,0.7113698339828807,0.6986887284049617,0.6662616224842344,0.714874851336696,0.7161122001035457,0.6395374247068878,0.7021952470991536,0.5018526453557584,0.760599199697751,0.577093150985317,0.6968112874618122,0.6980235561920581,0.6146089111252162,0.6087696958388351,0.6131058221099623,0.6933819670101394,0.9999999999999984,0.13733419444451672,0.5772224238150523,0.6996683428325565,0.6041502697889993,0.6651662275665643,0.6521767363939879,0.4083816800323953,0.6830341690689667,0.6749949607829687,0.5140516764891353,0.5482868567202343,0.6722460691630261,0.24754163537699098,0.7637048785480499,0.7805428243514891,0.6802516288080933,0.5934307810098568,0.7426575352878798,0.6929845892649958,0.5768537322730776,0.7599334767951398,0.6315451393871638,0.6337961205396472,0.682719612271011,0.5885019001226618,0.583021618813624,0.7362096470117414,0.7042102912873325,0.6034076347993114,0.42856596997662555,0.48426189911833256,0.7185689459875949,0.739106517058471,0.4898755132806996,0.4973740535146041,0.7008611772460513,0.6128624820825006,0.6696586924707204,0.6276236064738233,0.7575963530484715,0.6972855945850938,0.6758232549458028,0.4770440907946881,0.29194468847577193,0.6203764732051307,0.640559562126174,0.1811209199074092,0.6853098461935964,0.42109117820295017,0.6658655346550099,0.05158446587346141,0.784943525051916,0.36647036434435154,0.61841142187709,0.7495322988397906,0.7930159414291756,0.7218153991046208,0.7397671103551728,0.6884882877080515,0.0004843350789133207,0.00286621762893299
0.1077170740121765,0.07564449870094386,0.1369305097380005,0.10873941449680298,0.13109772936052386,0.13736372069792252,0.18846589534653083,0.08792303965505119,0.09304828025669229,0.11450362678647555,0.09054222036655633,0.10436221192020209,0.15304885631351245,0.10397147830187813,0.14027008544530917,0.08834240826417084,0.12562512963506567,0.09554358373408085,0.13349320752552188,0.11480548756852439,0.08502551820163295,0.15974419768014542,0.09792630127048621,0.08864005518567974,0.1177357964226437,0.15352960806797253,0.14493091846482115,0.16262325478134887,0.11137322470579092,0.14008336675510388,0.1528605515443799,0.15815043399609713,0.11203639022316175,0.10910606753500438,0.09567932037301544,0.10767940288972286,0.1146470588785292,0.1262840821784938,0.13733419444451672,1.0,0.08927193894117066,0.12406748707811063,0.15549526052778007,0.10391586394115437,0.12456541507480669,0.09750613224514786,0.1155662991587016,0.14982085830063072,0.08075990471742563,0.1216257989579479,0.12871917728563265,0.07174747303776652,0.14988442004935568,0.133169624870328,0.1436326356743497,0.09180186876080093,0.124920103247674,0.10769833768443482,0.07790879102007443,0.12420996887058064,0.11326647570680078,0.10166882889219186,0.13010445697636802,0.0696608125064615,0.09486776316175272,0.14183310339671468,0.10604842651612931,0.10882668437322192,0.0836029944941345,0.1203289895124011,0.10360909217159871,0.12411472098934657,0.11231604904426051,0.1393816386425369,0.10696216997330715,0.14020165323222572,0.1555423131816547,0.08852072825343535,0.13118977182740377,0.1343151849791439,0.11552541544802727,0.08335363879861932,0.10838218239722605,0.0835425546513365,0.07069415072626596,0.040898851502023825,0.11364480220070364,0.07792172468409765,0.11093813876789917,0.049184978942275526,0.11899920782378083,0.07968872632176272,0.1099070257796878,0.12855832462894173,0.13344345911750563,0.128727832421538,0.10976996611639338,0.1106589893407971,0.07624928516630233,0.0440225453162812
0.49247109147664625,0.42136592259450656,0.5078522410770026,0.4743828461788506,0.7262231152869806,0.6341242047869988,0.3305566938956489,0.4980909110103516,0.37494446993849234,0.5269391976222921,0.4786727342698613,0.44854347310512876,0.4961092735303709,0.72784295637743,0.6218106342481161,0.608169222739045,0.603887086773581,0.15768832435559477,0.6364462361726742,0.7435896834139605,0.9128931255265499,0.5800222230884122,0.783554762428105,0.515136514945806,0.8917338099296621,0.6114229889077865,0.6645280144447641,0.41028456300268923,0.8286021963389563,0.34515301238489016,0.5654594825799749,0.3680005140959699,0.5644963977207671,0.56682844042744,0.4244811114702596,0.42239442166596874,0.4212406553250333,0.5536271940451527,0.5772224238150523,0.08927193894117066,1.000000000000002,0.5254079873894044,0.4117361922574141,0.4836498888723092,0.6156890103551725,0.309047824647788,0.6184402042768563,0.46607199289751633,0.5649081112536957,0.3780616399452909,0.6156283680344632,0.2318414851830398,0.5744756551865278,0.5975078021377774,0.6601476013709455,0.9265461276664816,0.7570159777274983,0.45128138639374205,0.4186167654486904,0.6513659815668245,0.6963486696110492,0.6609067489817355,0.6674193110574062,0.7714125549355553,0.38782315415258223,0.7989010110007302,0.613165414046141,0.4755762336245842,0.45292465534484183,0.33469869101293664,0.7043167554284668,0.6598107485126927,0.3353905873824454,0.3569844734391143,0.5946406699294476,0.43466038105785015,0.4506610931150753,0.8740604242597304,0.5949839563992236,0.4723410865420842,0.744359085906762,0.46484379129419756,0.22337978218038101,0.503062630510515,0.5852320067739882,0.11794715925459355,0.6409796717041203,0.315025188827431,0.6301940900610755,0.023399924656007848,0.7280275532576099,0.25214054719703943,0.5846872702088767,0.5715852687612172,0.7200518052487204,0.5413714824458138,0.7834486629932619,0.7597406698791127,0.0003498029588001007,0.004897501686344219
0.737294342800526,0.461427757135132,0.46275187371248255,0.7554599502843615,0.8031275217310772,0.8534123371590259,0.42438060071344763,0.6668717455155649,0.6740342350357273,0.7541124264474381,0.6595388609023725,0.45131286533017745,0.5540265996248972,0.8374169035753707,0.7209272199062235,0.6824141721821684,0.7465024302423796,0.1787647948937583,0.6940160223948875,0.7425636016177883,0.5094414029851211,0.7956418245984604,0.8015962822138929,0.7555963236228285,0.6028082900372369,0.6626307535205475,0.7420160275182244,0.5386559506143913,0.7272446556685989,0.4094107460805011,0.7418019976226848,0.4833179904616432,0.7449988493908543,0.7460408270031167,0.6971945679773994,0.4758547748858536,0.6023397013758518,0.8311441229358709,0.6996683428325565,0.12406748707811063,0.5254079873894044,0.9999999999999969,0.5096807259010421,0.4983418637757877,0.7422951375333933,0.35489314205642086,0.7196466477300318,0.5658452898294537,0.4581159408075538,0.4702017918730776,0.6992476610015353,0.25067403417838935,0.6684363670199049,0.7813924025480253,0.6272070538118761,0.5943823425557628,0.7885849910397993,0.6952619923478799,0.6250638064512694,0.7406928045504153,0.5639443985703105,0.5074141641575296,0.7418524767251449,0.5715647832957366,0.6778184141371171,0.7341958618308814,0.7495303224489375,0.47229378159062274,0.48065176789591224,0.43106089727608826,0.7581766260460026,0.6896337835003872,0.3977379650638789,0.4041888348716749,0.7198016129754956,0.5398363543783055,0.6379308898544838,0.6063412163320665,0.6930767359571017,0.5939568171151914,0.7400026760086105,0.40630277358493083,0.25382769625325036,0.6593190511651079,0.6264191674020578,0.2272884408968968,0.5400062561668115,0.32413795237920495,0.5465636935558174,0.037036019647444504,0.7548131775242253,0.300591160704726,0.6948944510922356,0.7994564746799893,0.6793913884336121,0.73793807587238,0.7209646277408736,0.7378388228745713,0.0005397677355311617,0.0017919015226005482
0.49789635042358316,0.33324830481080125,0.5251741589857781,0.5047987800430909,0.5547084411707783,0.5757050641292454,0.5311931595140997,0.43798363840129306,0.39235602099774175,0.5278210639005169,0.44250232003329054,0.4010966267392917,0.739738511255949,0.500860806830049,0.6371756549365404,0.4646388614592339,0.542054810853676,0.19579893563474174,0.5612047480719917,0.5389961665568246,0.3627102960421133,0.5975057121174279,0.4674174105708617,0.4381514158315607,0.4998230401969262,0.7096947277272485,0.627998354356188,0.8136337329303723,0.4675514986004374,0.6094559695240209,0.6111422423549879,0.6835634543944316,0.5121295071931184,0.5106647204599613,0.4267202849590748,0.6117332591425928,0.47462516892506035,0.6068109188824087,0.6041502697889993,0.15549526052778007,0.4117361922574141,0.5096807259010421,1.0000000000000024,0.4956429815764446,0.5815597086100563,0.42154799217416905,0.47653560364665376,0.5782081294610465,0.3151297637992466,0.7516786099769472,0.6090639105486312,0.23525161266066485,0.7783665543675126,0.5990260988628039,0.6037257154275086,0.3969497818259997,0.507656220842738,0.4694512436049428,0.42591992942968426,0.5542766587152722,0.4232805916350244,0.5031095303901496,0.494212778756441,0.3617127925474419,0.4769972253972059,0.6100868305550802,0.434986937019026,0.436163682634487,0.3418380508272413,0.5690894822332377,0.42299213092382926,0.5286318014390136,0.3943280218407181,0.6357928912967887,0.5245449302763217,0.7202811402174647,0.7658232830430782,0.3897168883485165,0.6188480783523321,0.6041180423828862,0.4638177455741182,0.3125572314123203,0.3045675928895982,0.4257214277041152,0.42740431173596305,0.16320126387596834,0.47180742016386107,0.3454475186573597,0.4797530138747044,0.04919972619235734,0.46242842443730364,0.2437080383718652,0.4389311790659339,0.5112245807804001,0.6976032285067496,0.5629422993465323,0.5180014049035399,0.474368624771893,0.0018224318350871154,0.003945680664627337
0.4869140086732831,0.35789713244923493,0.43882152094571464,0.4916421432819848,0.5923842457191407,0.5841187625424336,0.3806438016757431,0.48328595307908945,0.38595492125494657,0.5260656448011232,0.43508874505136774,0.5634254562018975,0.5684538560962531,0.5349893427959773,0.5831284505822824,0.4754802699352939,0.5688802149212085,0.16908729964708819,0.6363261135347592,0.6351250996145147,0.49260544460930406,0.574204406337389,0.5408011054759299,0.539972209945891,0.5340117015254517,0.5849620973126639,0.5976058478624318,0.5312641397387927,0.581820731786015,0.4110627806850723,0.5917310684708209,0.5678626526005486,0.5206201836748954,0.5225703319828479,0.4467405394790086,0.6807074675195587,0.44137887395167563,0.5233529961714977,0.6651662275665643,0.10391586394115437,0.4836498888723092,0.4983418637757877,0.4956429815764446,1.0000000000000013,0.5268158474957585,0.31126872559794505,0.49883340888569516,0.5161898173670902,0.6178349856185081,0.4931865144583011,0.5342418992155697,0.206054728634591,0.6120238319845588,0.6087804114142428,0.5829309540525333,0.49872269024402993,0.5668534906324558,0.48301522530273827,0.4052392507828354,0.5997071600236428,0.697126392963843,0.7911553115568024,0.5524054085695145,0.4763064219972743,0.42463280897747624,0.6027927303242089,0.5002204191709264,0.7755441345192298,0.31946117395556617,0.38238820090012865,0.5479065721901708,0.6200434609818628,0.37557615223196933,0.4017829820213592,0.543215622786737,0.5344298881432125,0.5871664021792403,0.5196026960813241,0.666256079419945,0.5691111160435652,0.5354967815288698,0.5404216466221389,0.22737542061874494,0.48194910703388993,0.48722972888077676,0.1424322410625329,0.8377274657700835,0.5340315757417395,0.6911261570815127,0.03722897251442918,0.5809607086977049,0.27742844538418,0.502553310083059,0.5739306054879707,0.6581601484660624,0.5589428823152027,0.5857213779621595,0.5628397950304934,0.0010550367942618168,0.015228144429300493
0.6250013374188441,0.504865706252893,0.5135437598188825,0.7465810805202538,0.7381810235960324,0.7859650055864787,0.43472474669472105,0.587243948000414,0.5616100013659262,0.6873558963678865,0.6228479083187175,0.4689039744011181,0.6008804309073804,0.8194566977597884,0.7736257056788353,0.738961454009935,0.7300586445367386,0.19085354325373446,0.6935784674527724,0.7476778008758953,0.6094948610766067,0.7388163122886533,0.7552118186487731,0.6511759987297101,0.665477246515493,0.7419264278938802,0.8220651747851769,0.5738338744615364,0.7795697170652481,0.42612683314613037,0.6808969741981047,0.5160312683123497,0.7140681816311534,0.7137064780972614,0.6195912714401111,0.533773130698949,0.5780960018505966,0.8095349194626343,0.6521767363939879,0.12456541507480669,0.6156890103551725,0.7422951375333933,0.5815597086100563,0.5268158474957585,1.0000000000000027,0.36642463703166017,0.6833496714721146,0.5325807096774082,0.49492946550431616,0.518964157265581,0.8496214639578599,0.3011657793632986,0.6912299263990234,0.7525108403326088,0.6860011981056224,0.6654625713666882,0.773696337580371,0.5834894087236446,0.5770458086940078,0.73074895276708,0.6335423919745189,0.5649263458250595,0.7147267548958856,0.631983046695078,0.6627590721873996,0.7979411404691763,0.6308832807405594,0.4737690964389166,0.5456928758857795,0.44707512208217254,0.6676750310743297,0.6885848530779346,0.3962691457012314,0.435909070374,0.6945448918607176,0.5832843857957632,0.6428489156320776,0.6713213266703641,0.6738141288309233,0.5602617080656047,0.7064202176232525,0.4272216122761826,0.27379572871502544,0.5978374259056181,0.6168267989137779,0.2223438248824109,0.5652890283507658,0.3113220999846444,0.5770956208977485,0.031315405351529185,0.6777500223623998,0.30804282101541847,0.6429683798455743,0.6956682936433749,0.7141878171536142,0.6799935408674065,0.7490701648541233,0.7504836541692368,0.0006616687335821844,0.0019100731072401646
0.35716644287869015,0.19344055731392135,0.32728534418200667,0.3209256832363775,0.3877801052680119,0.4002739929227819,0.327337512714874,0.3274081630845582,0.2698810862366565,0.3713875938217436,0.2854703001328763,0.27413418985610005,0.4400853480581823,0.3223160367804568,0.41982208478662875,0.305351619975152,0.36956143683445986,0.29311051794274484,0.349926325680468,0.34010548539978125,0.23847729150258523,0.41287192379930643,0.30297414737190637,0.3153757543052822,0.32560286647736436,0.4728399590273692,0.37573176452617174,0.436088676649925,0.3078574505493492,0.36679519484987255,0.4813962662749128,0.34370286896854374,0.34172359099502786,0.3387682161606863,0.27424390706287344,0.31912377397041236,0.3446521576088334,0.36453540941426776,0.4083816800323953,0.09750613224514786,0.309047824647788,0.35489314205642086,0.42154799217416905,0.31126872559794505,0.36642463703166017,1.0000000000000004,0.29870686315011497,0.502757118127053,0.20148983601168552,0.35052216601267405,0.37811763668970766,0.22146681264501064,0.469060660905154,0.40738201553970055,0.41784782446084184,0.2649605157127309,0.3346396683442429,0.3385436766672487,0.2867389103195948,0.37115550970896444,0.25366145432581,0.29392351362383495,0.3745699889436855,0.23575287158257732,0.31586955471591355,0.38164564341612145,0.3209676069995717,0.31112576548643006,0.19813297926262968,0.3062678815706441,0.3321702200903196,0.3370821284152621,0.35285455621421924,0.3982733583332878,0.3620132988119166,0.42145814033120255,0.4065248001485857,0.2789873298625558,0.4242658698926849,0.4150918469029496,0.3100302726722808,0.20259832457735427,0.44189767257601464,0.3001905375555661,0.26241756814741496,0.15407017869485035,0.3080516244650214,0.22811980382512137,0.2985389491057343,0.030916828928249374,0.3224903784959728,0.20473709398929696,0.35363843977130494,0.37050737996389876,0.4262291042658131,0.39776841733226564,0.3419487911973791,0.3070407078892812,0.008743801270974606,0.012620590043844453
0.6577957489800867,0.5529375963630152,0.4210705096382617,0.7031300850138713,0.7641724911747366,0.7566957106227048,0.34885549738085775,0.7232438291851386,0.631685678772681,0.7513895745447221,0.6779937804100862,0.43991035603159634,0.5492921817898202,0.7956676944532025,0.703906718412848,0.6639414563928356,0.794812845722816,0.16881763452357174,0.7041506072472774,0.7802272320985366,0.6056453106304847,0.7530204942478219,0.8051214829923294,0.6876684214200011,0.647483380395074,0.6168120899231928,0.6987621803409629,0.491565345027703,0.8050502926116208,0.3879187043283917,0.7083400874579395,0.43133643099005026,0.7372723439856104,0.7412710959523117,0.6843257070884601,0.4818691733673278,0.5607185856620787,0.7630234421322664,0.6830341690689667,0.1155662991587016,0.6184402042768563,0.7196466477300318,0.47653560364665376,0.49883340888569516,0.6833496714721146,0.29870686315011497,1.0,0.48936559544982894,0.5390149782753045,0.4236690481249937,0.6761988099658491,0.2373132858688501,0.6117055514728112,0.7538834786811107,0.5509360324545554,0.6514958466381322,0.7863159911118314,0.6889293706233217,0.6265311042033586,0.7917143917013061,0.6750578040635257,0.5709367564440931,0.7602189850626256,0.6265503475013493,0.5922190227719458,0.7093136320422935,0.7567520228407713,0.4500739230276042,0.5475998483649828,0.38162933948781574,0.7548772906737071,0.6990085006513893,0.37300612780820575,0.3692417515934544,0.7611265698836321,0.4713137510899861,0.6137790750354447,0.6719294308887944,0.6281552002391957,0.5301425169684131,0.7307749645449516,0.4630921255425635,0.2334337788319601,0.6107105823637773,0.7067152053546515,0.11871508612243334,0.5713961983815614,0.2993016068162619,0.6084933926565883,0.04447432395196893,0.7724481144484027,0.3014978107597569,0.7011739302360959,0.784052164805396,0.6957245621815107,0.7140179167047447,0.8137489897058923,0.7700562580229144,0.0005430447167425867,0.002821743120540029
0.5699418107979538,0.312286599259938,0.4932273119173898,0.503560011765417,0.615959134004833,0.6320941079397782,0.4844278184902189,0.5049505418466206,0.4667291904062434,0.5568298087237042,0.4821830858180396,0.4781450435122537,0.6240356671623019,0.5440478102147367,0.6419749531222724,0.499631008949079,0.5674180531658533,0.2284810566538965,0.53857203972256,0.5629049219973221,0.38600741989616416,0.6421938882555802,0.5182396624396428,0.5616078472213197,0.5491628535642807,0.6728724991900946,0.5753763261133489,0.6438035105591285,0.5089038768435006,0.5041736054718094,0.6792933073324415,0.49366438965734516,0.5484688835294885,0.5460109904742123,0.498956501966752,0.4578208578498639,0.514251515241145,0.5531216242895929,0.6749949607829687,0.14982085830063072,0.46607199289751633,0.5658452898294537,0.5782081294610465,0.5161898173670902,0.5325807096774082,0.502757118127053,0.48936559544982894,1.000000000000004,0.33418374847099863,0.486647251646275,0.5484931076361553,0.3302994431119794,0.7255298196216933,0.6349218110923569,0.6072077606558042,0.4363793104662059,0.5741906433074716,0.5494742687612011,0.46337020995723927,0.5712945245490916,0.4476475676268719,0.44731774977742067,0.528393221366604,0.44982229778801136,0.4843342163308294,0.6176082326389949,0.5507665922028445,0.518820190046863,0.3201636287980482,0.43575805668385426,0.5578461121871316,0.558456594268275,0.4579835434301124,0.5172656228785222,0.5446810977867307,0.5999516177780054,0.5680650172762435,0.464795996362377,0.6520445761846715,0.6485189848474072,0.5188508929766313,0.3412153804301672,0.38632819081339653,0.5099329802696425,0.4671753988809306,0.25282164674600727,0.5224246067615798,0.37559831560999796,0.47774455241283786,0.039919421497782624,0.5713563145331986,0.3172798650013388,0.4966429693759904,0.6044398559262588,0.6776288550750101,0.5981399954097357,0.5256323664713097,0.5068015784033201,0.0012823508800320405,0.005182559380474365
0.42184042879512407,0.4063563076238208,0.3651387776202681,0.43598278911968624,0.5617482519171684,0.5341822415419597,0.2642316369695095,0.46950607030308716,0.32663424535271146,0.4574824923956792,0.4123902671808545,0.44670829887304153,0.39303925185320077,0.5830054888050586,0.4929917637661791,0.4602683027053224,0.537451669185282,0.1342979866569548,0.6054091281265528,0.6132307437407786,0.6037638048976227,0.5082761765881055,0.5891585963385768,0.46969846006669086,0.5720592539682348,0.44060993534668,0.569750399514203,0.3414995202922771,0.643631872581155,0.24237637349804125,0.4841187888637083,0.36304203590628237,0.4958343878625416,0.49725071395655385,0.4147945086166365,0.5685726347831979,0.3252968990639301,0.4678768889808018,0.5140516764891353,0.08075990471742563,0.5649081112536957,0.4581159408075538,0.3151297637992466,0.6178349856185081,0.49492946550431616,0.20148983601168552,0.5390149782753045,0.33418374847099863,1.0000000000000004,0.32499439353911835,0.4864032776717259,0.1828198767981517,0.43201712793837244,0.5202823522819416,0.4766791052359289,0.6072639419086647,0.5932640749522362,0.40907490585883416,0.3680168283340788,0.5794965239167088,0.8268057848495183,0.7118458623333044,0.561735943803547,0.5696475810590698,0.33719360136870313,0.5913692656823824,0.47842581446578486,0.527041679407969,0.4078618723153091,0.2856629483210412,0.5454494060245243,0.5660163418268457,0.248282102221808,0.24380186786553254,0.5298537428899319,0.3582779333801169,0.40879376369044135,0.595018644058044,0.5399921426243588,0.3959793519727294,0.5552679965619235,0.564678525536082,0.1654401691362784,0.42013644302482467,0.4919633372495027,0.09009236314820832,0.7060107597609522,0.41984408019671315,0.6700062432656912,0.02620310564497215,0.5754570548285576,0.2032841143171645,0.5117730418048339,0.5340192533523005,0.547872633370324,0.45968834514024515,0.6243708829163495,0.6138792676544194,0.0020616179480798277,0.047908596010924606
0.44772461733675195,0.3104948412944767,0.5045815143617423,0.45437183041714174,0.5314437136927292,0.5351511962309582,0.5157394444646612,0.44340147658788254,0.34460994201220374,0.47371613531666534,0.39424225680988023,0.41788849450271176,0.6018586423396242,0.46360363851398934,0.5776480148805552,0.4228066311627582,0.4882223864039692,0.1752373839336366,0.5204829601067398,0.5089100623343771,0.3437156773472819,0.5541667693187664,0.43868808237385043,0.44761944991698543,0.49041792804870055,0.5925485861385018,0.5839208139929251,0.6847726231323201,0.4300216879919986,0.49295601858835864,0.5603616775297529,0.7714712486870907,0.4674777755602537,0.4643907240294687,0.39510788302832145,0.5814974864374836,0.4273451843512225,0.5262581067047662,0.5482868567202343,0.1216257989579479,0.3780616399452909,0.4702017918730776,0.7516786099769472,0.4931865144583011,0.518964157265581,0.35052216601267405,0.4236690481249937,0.486647251646275,0.32499439353911835,1.0000000000000009,0.5481424042165859,0.2203550466889829,0.6979648928182963,0.5414572526372086,0.5649836811528829,0.39931001286164586,0.4809589530921753,0.4345905283946701,0.3842326727980504,0.5075795594912641,0.42825206031772595,0.47622374106915133,0.4563389394440267,0.3870829731750596,0.4102760918845859,0.5775319030323511,0.41159053794265127,0.4192013039942363,0.3043938366703975,0.4949481011524409,0.4063171214553636,0.5350488035964778,0.37356225979625657,0.5024085845122964,0.4737592170789835,0.6773114688724015,0.6894051882708052,0.3736365293312274,0.5533032931318772,0.5374436516993626,0.42493656007858205,0.3247892471717133,0.29803375374343466,0.4213874724290946,0.3977209953097136,0.1394118587388404,0.44849071587624184,0.3588544432137616,0.44686749352223293,0.04421378137566384,0.44757618901110685,0.23055078976084198,0.4172185322157498,0.4770775009757652,0.6174049053737535,0.5151326489704808,0.47834123567988085,0.4413916331178405,0.0013088060711973046,0.0045338372251366825
0.6397965732206281,0.5151007411206855,0.5312591759792433,0.7150848984924276,0.7440496727736919,0.7499595195373463,0.4496436188976613,0.5978860518854471,0.5724948594517543,0.6999607070535259,0.6264256447238307,0.4718351564169051,0.6242644075648514,0.7537633550941985,0.8009953578330533,0.723912606138942,0.7353529997790889,0.19228187265297597,0.6982568550131758,0.7528257203924793,0.5908442421301636,0.7339012702519953,0.7255054477462093,0.652271836277998,0.6716913721389483,0.7432111173435587,0.8051794254708625,0.598911894956313,0.7519867070258975,0.44711493171145267,0.6944714786203052,0.538163340870236,0.7101437973948086,0.7110396834198508,0.609951963806115,0.5468745643957396,0.5936584140744126,0.7683737461581721,0.6722460691630261,0.12871917728563265,0.6156283680344632,0.6992476610015353,0.6090639105486312,0.5342418992155697,0.8496214639578599,0.37811763668970766,0.6761988099658491,0.5484931076361553,0.4864032776717259,0.5481424042165859,1.0,0.28959191985706156,0.7127218287958093,0.7695294821766618,0.7013843843401845,0.649811685768469,0.7531481834706744,0.6030213608980253,0.5892904467685616,0.738678809875257,0.6234861416360393,0.5708547088949051,0.7122709465561596,0.608616134028233,0.6860393908090994,0.7889959525405736,0.6228413287572026,0.47769225756145467,0.5111812433117793,0.44543870981364075,0.6573067977915577,0.6915855019302318,0.4020152626406013,0.45300905689645554,0.6923669374029148,0.5974332031592523,0.6546499880157661,0.6645526101512238,0.6839650390950495,0.5740107900045627,0.6763603522368835,0.4280846974662662,0.2720324836083845,0.6041141777278314,0.6374681393032213,0.16016630240285254,0.5674932912827257,0.3134888503433295,0.5778162073907178,0.03176898445569247,0.681454521291153,0.2932982746230562,0.6368404090870257,0.6780326385664519,0.7268862887738743,0.6888081535929658,0.7508379333437285,0.7222412460663687,0.000696569500267602,0.0032173167079102656
0.20979770917807514,0.1448296145636876,0.2166236913668292,0.23205109230048326,0.28056110171339527,0.2764057760964921,0.2738442238320039,0.20380005409952826,0.18103347595745162,0.22038415123930238,0.20434722759787638,0.2451376964035699,0.224410298400554,0.2885124502598251,0.25495038547727067,0.23084143838317822,0.22391629199191032,0.18116765522770653,0.23469374175919733,0.2509753392843697,0.21175471011630895,0.30061025544085707,0.23913099128490223,0.21972903152922985,0.24179444367141556,0.29861870563431103,0.2813901395468327,0.24470970532707031,0.2693173133495175,0.17847085937746485,0.2714468469345837,0.24094042957738107,0.2399148864677552,0.23617737114477624,0.20366251399776286,0.1976936587086056,0.20247699687365883,0.2773374049095271,0.24754163537699098,0.07174747303776652,0.2318414851830398,0.25067403417838935,0.23525161266066485,0.206054728634591,0.3011657793632986,0.22146681264501064,0.2373132858688501,0.3302994431119794,0.1828198767981517,0.2203550466889829,0.28959191985706156,1.000000000000003,0.2768655160018507,0.26453993118792707,0.2631457497323916,0.2269402837890232,0.2727171552794757,0.1980650238070808,0.1967370050248038,0.23555295359357978,0.24922435576634705,0.20266305496849182,0.2607037009536224,0.26690871188639037,0.21499973733027966,0.29791481848686324,0.2240115505468609,0.22402512116035128,0.17749134761506002,0.2176872891012169,0.23781488161652925,0.2580349280308662,0.24940393600166366,0.19442275065776843,0.24308423301759327,0.24694339299493007,0.25311331742988713,0.21689266433445567,0.24620124760302453,0.26415064980885855,0.2636420996475263,0.17223888165985674,0.3107334425873229,0.18447743523563598,0.2699333511144391,0.13197471830831167,0.20497992350775615,0.1677963680384687,0.1981272012916318,0.0386459255829827,0.26072022391866734,0.14714818362550436,0.24292981033051356,0.30369427044963815,0.2624278189926379,0.24468053407273782,0.22411534155782734,0.23722903403189755,0.0009899624276047748,0.029292197545843147
0.6448646662965009,0.41439967214743584,0.6298490048023547,0.6260912954040836,0.7517104533753014,0.747496584415079,0.5480066355208029,0.6179347056980744,0.513178354427337,0.667324448519601,0.5738572364626884,0.5271912119139118,0.7465820179004186,0.6696552177978979,0.7719284324030908,0.6347984919305396,0.6924352749975139,0.22754455813738966,0.666928557583715,0.7199798676661084,0.5083755725295536,0.7757253793962735,0.658054137298362,0.6260421058678034,0.6775993371971251,0.812103462022167,0.731439868987941,0.8275846241075441,0.6451883611732117,0.5822756940323656,0.7474135940340533,0.6573229795626221,0.6679682728825254,0.6667926333652743,0.5586339348912585,0.590997526094508,0.5945259977794333,0.7088360037094906,0.7637048785480499,0.14988442004935568,0.5744756551865278,0.6684363670199049,0.7783665543675126,0.6120238319845588,0.6912299263990234,0.469060660905154,0.6117055514728112,0.7255298196216933,0.43201712793837244,0.6979648928182963,0.7127218287958093,0.2768655160018507,1.000000000000007,0.7602311382447092,0.7246916337228343,0.5851985063562923,0.7030251244799902,0.6333342852938574,0.5493167575282001,0.7031489461504843,0.5532541131376741,0.5719858042097783,0.6274692705505598,0.5549744499132916,0.5802943150340398,0.7678550453295483,0.6455225777101414,0.5585912993925557,0.41818040616659075,0.5675760755415781,0.6343627377342875,0.6984111415646704,0.5547577185929855,0.5993353337466791,0.6619227481158241,0.7330174295943446,0.7524405924355186,0.5819597142829364,0.7463824670317674,0.7658607164673189,0.6216288448117953,0.40846203404026815,0.34680003845330987,0.5909123825950244,0.5765106860530614,0.24834451392541398,0.6076720183379573,0.38476254588220626,0.5765944221018111,0.04826367324771944,0.6823217471722742,0.3544078859090423,0.5681156363181391,0.6878923902138108,0.8416581151333318,0.6972558495994219,0.677119157193026,0.6472440786352436,0.0009075326594868957,0.003929731689398522
0.7394839663779229,0.5105843905301375,0.517188086697288,0.7372137584640603,0.8348500690471139,0.8374967317388363,0.4655397505699529,0.7233260846437958,0.6711898048632701,0.8111308533723487,0.6962303425790024,0.5253990949303009,0.6400162536966388,0.7773459843302448,0.8212183706889703,0.7120437928742076,0.8237116047008447,0.20794673571229477,0.7401018806958055,0.8139870823763431,0.5723292427739737,0.8258695717729446,0.7934748632475086,0.7857448433102439,0.6663891696180333,0.7465892271074336,0.7599146998932202,0.6232956780559101,0.7757290267376762,0.4779249209838844,0.7956824545252602,0.5516633275986614,0.7893758952959625,0.791443568930774,0.7042698033006709,0.5559110721616822,0.6836991985312267,0.8061168895734796,0.7805428243514891,0.133169624870328,0.5975078021377774,0.7813924025480253,0.5990260988628039,0.6087804114142428,0.7525108403326088,0.40738201553970055,0.7538834786811107,0.6349218110923569,0.5202823522819416,0.5414572526372086,0.7695294821766618,0.26453993118792707,0.7602311382447092,1.0000000000000024,0.6993962946330361,0.6275680286168924,0.8036057822330782,0.7419326335361189,0.6723937331542391,0.8198933547418084,0.6419343825809589,0.6004180081020634,0.7654151164074795,0.6050574358669744,0.695956793249262,0.7630091870625257,0.7687263784325968,0.5459584123935783,0.48445086141456917,0.4966347716710854,0.7791210597808433,0.766266557264832,0.45879636016689906,0.47372465976081435,0.7724912048326829,0.6244299603982564,0.6925570831380979,0.6590846706470624,0.7587019542156388,0.6748528931133919,0.7251746169038256,0.4609914289193016,0.29223056482964443,0.692218507906376,0.6975490051797155,0.17688070474789716,0.6367321818809801,0.36501939241729686,0.6331431345638698,0.04182789552458524,0.7901034755966628,0.35734215914202483,0.6963006263023838,0.8081645305091258,0.786612658050649,0.7993697926765647,0.8016924541839887,0.7718824041363814,0.000685239139493112,0.01928662133022377
0.5829312976922536,0.3725704549497668,0.6053721508002807,0.5314163907542623,0.7332083786116692,0.696587428634779,0.4871583017843652,0.47989862573272124,0.42931281289697,0.5924354430424542,0.4792225727814899,0.48558283216808285,0.6296468832764779,0.6579758846943137,0.7427235932503684,0.5867887224211208,0.6178935470948825,0.20206089882801334,0.6703187251830398,0.6544840053265553,0.619502927617338,0.6453386911698737,0.642583991100415,0.561030503840923,0.7213259617806462,0.7278967042769842,0.7735650169724451,0.6313761858895988,0.6409651236612777,0.4763658484568591,0.6736479851630464,0.5718348299050656,0.5922659865052381,0.5937927966244261,0.4653963880101895,0.5489519003621404,0.5110924389315902,0.6342892028716991,0.6802516288080933,0.1436326356743497,0.6601476013709455,0.6272070538118761,0.6037257154275086,0.5829309540525333,0.6860011981056224,0.41784782446084184,0.5509360324545554,0.6072077606558042,0.4766791052359289,0.5649836811528829,0.7013843843401845,0.2631457497323916,0.7246916337228343,0.6993962946330361,1.0000000000000044,0.7242463965481627,0.7065875744865486,0.5298515580276795,0.4569218343646948,0.6418038572353253,0.6120224463465737,0.5919862895741588,0.6579702914741908,0.5879529299766225,0.4910514387141075,0.854607033798622,0.541378666152779,0.5625416271069277,0.40005243471921437,0.4878574250112585,0.5926513557267976,0.6457774356644843,0.45745928853678053,0.49264891191399024,0.5903522245494206,0.6304658229615727,0.6092083895119385,0.6472788770639077,0.706607732850671,0.5779384167035592,0.6485697075323016,0.41683864169721463,0.3196772809537347,0.5142058708330765,0.494969534854814,0.18676366314835807,0.6035769922011608,0.3651774244870064,0.5630249593474745,0.030275596573667393,0.6404571370322156,0.27084867186786615,0.5695745227464235,0.5857301890254207,0.714381315692182,0.6258193343504476,0.6630598229595173,0.630045654798886,0.000721664345191468,0.00833306207921698
0.5339425792366825,0.44950131969002516,0.5329280900597028,0.517264770359396,0.7703198727155041,0.6893317620839862,0.3322209031419848,0.5332284681714682,0.4018490495436928,0.5419961342145256,0.5031394388938087,0.46591920915089124,0.45275097429837613,0.7860037659573271,0.6289683456476595,0.6430715702479782,0.6211147245914574,0.14851324000267327,0.6918375698930215,0.7704679057983639,0.9227451156121389,0.6124423844456286,0.8336100702230831,0.561659792252194,0.9242433198587532,0.5875805668314928,0.7350015749018515,0.4090521066609038,0.8612807377551943,0.31563899369261983,0.5798660511763426,0.39378044355945563,0.5962348729165479,0.5995494233021428,0.45846852872675403,0.4318495746884899,0.40768204257950424,0.600837160300576,0.5934307810098568,0.09180186876080093,0.9265461276664816,0.5943823425557628,0.3969497818259997,0.49872269024402993,0.6654625713666882,0.2649605157127309,0.6514958466381322,0.4363793104662059,0.6072639419086647,0.39931001286164586,0.649811685768469,0.2269402837890232,0.5851985063562923,0.6275680286168924,0.7242463965481627,0.9999999999999978,0.8048659090449736,0.47220526214562325,0.43776586106702864,0.6711633847094858,0.7540344967607524,0.6786300177514866,0.7105946531914376,0.8120120256299938,0.40294915470624004,0.8674048203756426,0.6333261529240788,0.488546641744003,0.4855051136945564,0.3428992476532268,0.7302496790309332,0.7034796640489209,0.3446577190042308,0.31306213670975447,0.6201053509676204,0.4438422200196358,0.4608837202985856,0.8882466257941399,0.6096915692735186,0.45314952349027215,0.7761907496128648,0.4928909548143762,0.21908696737300645,0.5378903040121623,0.5996546378722242,0.12407057689706465,0.6612473257744655,0.3171574964767322,0.6325147562878892,0.023915305813738935,0.7694819264572133,0.24806570486010973,0.633417245374581,0.6079004788379281,0.7185082882825646,0.5501954268408987,0.8014101533000286,0.808995594896772,0.0003710231807796564,0.003427365332779613
0.7116133935148341,0.5533327887412091,0.5261032879117855,0.7250736290565989,0.9319732972912435,0.8534490661375121,0.4260681205881495,0.6969166541972313,0.6313902232344746,0.7496051777328341,0.6651742191437893,0.5392928784258901,0.5817176421619881,0.8749716448493114,0.774220650651682,0.745807876101007,0.8090095158140369,0.18546823930040385,0.7617617051698033,0.8690999829887591,0.7514896734153346,0.8062181720352258,0.8843019811237227,0.7770486014619586,0.8004475624281396,0.7008959967114798,0.803955575375493,0.5396121631240036,0.8794554740953634,0.42405523059130357,0.7560882536593558,0.4872912981104125,0.754097073641675,0.7555840692959195,0.673450679748705,0.5212557809520373,0.6016870614429511,0.7850697947679525,0.7426575352878798,0.124920103247674,0.7570159777274983,0.7885849910397993,0.507656220842738,0.5668534906324558,0.773696337580371,0.3346396683442429,0.7863159911118314,0.5741906433074716,0.5932640749522362,0.4809589530921753,0.7531481834706744,0.2727171552794757,0.7030251244799902,0.8036057822330782,0.7065875744865486,0.8048659090449736,1.000000000000001,0.6723757497768676,0.6099258104588775,0.811681325316999,0.7458129418140838,0.6488427515795144,0.8272866555725651,0.7397574846525762,0.6028859330058165,0.8548798669250298,0.7845862392117053,0.538937863979228,0.5600558455340999,0.4356266355973041,0.8450515136338173,0.8018718817721455,0.4264236502217574,0.4216197867115753,0.7732116311428738,0.5275487022306032,0.6373763937108183,0.8130378121534173,0.7214933088495374,0.6107704080292808,0.8378048120221965,0.5055569466080313,0.26352582232369887,0.6876056049543924,0.7188348013636683,0.17977808994548267,0.659371080136488,0.3495723824895625,0.6675209918560125,0.04069490210955144,0.846815088082525,0.32539204995644455,0.7553815251267386,0.7952645337099702,0.7830247478752487,0.7376342402641421,0.8583040659184733,0.8423312116117285,0.0008030940171530205,0.002550166008433309
0.6636373278619575,0.4373696116563412,0.39713267203842967,0.6495216641729706,0.7136286076998564,0.7216786536955243,0.38558307969285033,0.7984630683658915,0.6456743822377724,0.7357828758205434,0.6641923217280945,0.46884329969984084,0.5265811979341748,0.6556516888840671,0.677519136866783,0.6050560857948786,0.735607658971723,0.16880397408190262,0.6211347137385657,0.701539867680951,0.4074189865803738,0.7638812081490852,0.6938892923519666,0.7351231242557862,0.5213079697440757,0.60825425720673,0.6035713608711355,0.5015216878123092,0.630952408505199,0.39787973963793943,0.6818117893399612,0.433405643725956,0.71786421448924,0.7197975488221302,0.7029624318428297,0.45302153019701286,0.6229123037686469,0.6780072952413712,0.6929845892649958,0.10769833768443482,0.45128138639374205,0.6952619923478799,0.4694512436049428,0.48301522530273827,0.5834894087236446,0.3385436766672487,0.6889293706233217,0.5494742687612011,0.40907490585883416,0.4345905283946701,0.6030213608980253,0.1980650238070808,0.6333342852938574,0.7419326335361189,0.5298515580276795,0.47220526214562325,0.6723757497768676,1.0000000000000058,0.6268341724203685,0.7268398586845629,0.4985201595867893,0.46738515287132815,0.6327624937050305,0.4992488981560576,0.6081246666802133,0.5963882519514605,0.7951918393338745,0.4471767701617538,0.4001347535176548,0.368628690606963,0.7058686678899327,0.6568181838131113,0.3963269661982607,0.38388102122705176,0.6622004978697933,0.504864924247955,0.5699643378930311,0.5411844714682432,0.623998738191761,0.5895576073909677,0.5973621492224355,0.37854316920714415,0.24182780982180938,0.6263588882267437,0.6419674464034302,0.14349341668006418,0.5161961928606209,0.2941167121362941,0.5159954494410752,0.0423974234929867,0.7177592107100316,0.3391859514228354,0.5923398013992087,0.7386362437367664,0.6467925490289753,0.7078805047471138,0.6812204970446111,0.6509278810001147,0.0011598854092140405,0.002008980459716537
0.5935774031177266,0.41761771579156975,0.35694983091900756,0.6259297943470976,0.6327684510715428,0.6480556678026245,0.32051337733764784,0.6328606487929213,0.5974205377248406,0.6806596175495017,0.6347175034762707,0.37871495237627995,0.46627098257608185,0.6133237218069666,0.6209496408588545,0.5941073162526117,0.6580892293495401,0.14449198193618415,0.568452945062709,0.640619176154255,0.3974518111178817,0.6662189304469084,0.6344177284833284,0.6517394144605266,0.4697092716892386,0.5502827963886309,0.5551630770969253,0.4363760274080009,0.594425019542816,0.3322268507072544,0.6145196478047956,0.38470910931801794,0.6706378029891928,0.6734314610306178,0.6367953974150007,0.40265083356413117,0.5470513789022178,0.6612752232923942,0.5768537322730776,0.07790879102007443,0.4186167654486904,0.6250638064512694,0.42591992942968426,0.4052392507828354,0.5770458086940078,0.2867389103195948,0.6265311042033586,0.46337020995723927,0.3680168283340788,0.3842326727980504,0.5892904467685616,0.1967370050248038,0.5493167575282001,0.6723937331542391,0.4569218343646948,0.43776586106702864,0.6099258104588775,0.6268341724203685,0.9999999999999987,0.6563208465170371,0.44675808675273665,0.42379705087744046,0.5862943402463293,0.4443696483332995,0.6147397266006653,0.5545395709238528,0.6650223799395473,0.3657611663603612,0.39954739254952787,0.33899154396779585,0.6307459154761059,0.5817499874827396,0.3261545498335745,0.31706353204554893,0.6365812231070258,0.4519260863743256,0.5245513456366706,0.4893623788647262,0.5589999855129832,0.5094943953451516,0.5479806287431594,0.32817225036591535,0.20162023138672847,0.5780787645219823,0.5887480626162803,0.10922258303890878,0.4285412210641122,0.24978211320351684,0.46466753896891744,0.035351925095383784,0.6126910176525521,0.3053112653385948,0.5448725201775999,0.6726550168892615,0.585277613259416,0.6462861601117732,0.6269796901907214,0.6052374310249893,0.001080089022445729,0.0026502561733956565
0.7125188088472285,0.565798438709558,0.4868860032814778,0.7317679257387464,0.8207897448054706,0.8119890190754249,0.40124658350409675,0.7507595644640587,0.6435037456637122,0.8274148766863734,0.6990041689242651,0.5156780745841237,0.6630390453898956,0.7868425090933395,0.7861787056234625,0.6997931496594847,0.915367992743519,0.18817746096219135,0.7594882516152544,0.8473640010351459,0.6298617721570186,0.8095694884539901,0.8108817373176757,0.7482414292022764,0.6859217564779816,0.6978108812531941,0.7457230430025661,0.5707660237389411,0.8151291471724685,0.4557278293674041,0.7803461082713758,0.5254442913870987,0.7835965079688463,0.7872723357489231,0.6971049171705842,0.5545182158977955,0.6512813046723835,0.7648915779856204,0.7599334767951398,0.12420996887058064,0.6513659815668245,0.7406928045504153,0.5542766587152722,0.5997071600236428,0.73074895276708,0.37115550970896444,0.7917143917013061,0.5712945245490916,0.5794965239167088,0.5075795594912641,0.738678809875257,0.23555295359357978,0.7031489461504843,0.8198933547418084,0.6418038572353253,0.6711633847094858,0.811681325316999,0.7268398586845629,0.6563208465170371,1.0000000000000018,0.7096497202179777,0.6392644452345495,0.7861741325331726,0.634124720966073,0.6341296299897048,0.7551862333110245,0.7911287853623157,0.5277386072530822,0.5308855429938213,0.4329028955825456,0.7989887348547202,0.7789814039159805,0.40797946265955587,0.44358234874268404,0.8113549585739972,0.5668272697347583,0.6570977926124535,0.7071744525639754,0.7230374261078283,0.6360696610366661,0.7281298931499842,0.5102623976890788,0.2612123832206982,0.6660456924383898,0.736269737336064,0.1330060483890475,0.6508840741798002,0.36058559027177434,0.6794051005325893,0.038386971289677774,0.810060833435226,0.3421078029224307,0.7161943666327864,0.809165141217504,0.7781935657213209,0.8047156783114328,0.9015892133342346,0.8152983551913786,0.0002527146245654042,0.0014590485652099135
0.5257352130079382,0.5054557311853112,0.47737728354482284,0.5440466964453732,0.6992868947381344,0.6664440562705474,0.33657196558021274,0.5720004399882151,0.41818703213161423,0.5563019711567297,0.5122745892068081,0.5433255271859501,0.5059145509946894,0.7225814584678827,0.617384526416531,0.562555066893326,0.6664924760642208,0.1630110471042232,0.7371045827062501,0.7526773620546353,0.7510782271125334,0.6342656135735463,0.7233219458848139,0.5803131335431672,0.7187997799308923,0.5578228198684602,0.7197236345388596,0.4377767569855422,0.7926594447662083,0.32057838799414484,0.5930197215255097,0.4700744742805986,0.6156076822927604,0.6181798360188899,0.5406082940863105,0.6345738343922052,0.404757966330084,0.5919500560689961,0.6315451393871638,0.11326647570680078,0.6963486696110492,0.5639443985703105,0.4232805916350244,0.697126392963843,0.6335423919745189,0.25366145432581,0.6750578040635257,0.4476475676268719,0.8268057848495183,0.42825206031772595,0.6234861416360393,0.24922435576634705,0.5532541131376741,0.6419343825809589,0.6120224463465737,0.7540344967607524,0.7458129418140838,0.4985201595867893,0.44675808675273665,0.7096497202179777,0.9999999999999993,0.7971172205346274,0.7110469841811788,0.714393894213947,0.4026378990893863,0.7604757338346784,0.5732637123958205,0.6321882749786688,0.5036252674574333,0.3497658945009235,0.6589467875297346,0.7178395521519683,0.3296684853102932,0.3247388463429048,0.6569852826898142,0.4790013739661544,0.5349303484037915,0.7410152239581115,0.6415719021878933,0.49076366425828877,0.6959106639162383,0.6458701965445012,0.23618364241032982,0.5308113682398724,0.5992808617054839,0.11344181141866658,0.7994366956842671,0.4661568931153316,0.768121559169771,0.03764500665308199,0.7145809907877451,0.25169354416082673,0.6685203474698593,0.6443325962417435,0.6941715402896724,0.5665821864072552,0.764502084585283,0.755587764279009,7.043508310210452e-05,0.028405001361291503
0.5036632304354602,0.4008747410259683,0.4660388995855549,0.503485472129403,0.6470087496229651,0.6103871374464513,0.3525483000030313,0.5070074733688367,0.3865774002135772,0.531737133844933,0.4639425015200024,0.5557095484717436,0.5647495586088036,0.6255937857768479,0.5811246515207696,0.533251752577901,0.5920768698743928,0.16148110289369072,0.704771436367652,0.68238589718178,0.6739917693310361,0.5714265058358992,0.6535444349571391,0.5335115467830079,0.6853681163968997,0.5784282488322352,0.6380783311666279,0.4823182324616753,0.687177178351503,0.4157467070899783,0.5874443745589094,0.5665757694369757,0.5425381492654453,0.5435717091691874,0.43642411839759854,0.7905180972683307,0.41499020591780017,0.5520680957079585,0.6337961205396472,0.10166882889219186,0.6609067489817355,0.5074141641575296,0.5031095303901496,0.7911553115568024,0.5649263458250595,0.29392351362383495,0.5709367564440931,0.44731774977742067,0.7118458623333044,0.47622374106915133,0.5708547088949051,0.20266305496849182,0.5719858042097783,0.6004180081020634,0.5919862895741588,0.6786300177514866,0.6488427515795144,0.46738515287132815,0.42379705087744046,0.6392644452345495,0.7971172205346274,0.9999999999999979,0.6097459161604184,0.6163771864327526,0.41845059818204067,0.6784938225764727,0.5378400306616863,0.6298046049512298,0.3849360753225736,0.40280118881712823,0.6134649019970149,0.6418423689490123,0.3302143065992238,0.3831302045164885,0.5997015922664577,0.5381879742175032,0.5785583297333969,0.6486857398933341,0.6705339218435282,0.5041766746361402,0.6178729567240788,0.5967016936188303,0.21358097421499464,0.4904193357177859,0.5282796078939176,0.10396050149239658,0.839354846244636,0.5966220905081541,0.7949915103738731,0.03387120654309048,0.6214144630864701,0.2563331562908736,0.5540985346744156,0.5854224670880599,0.6815464424497877,0.550410632252615,0.6855567754921466,0.652836602002866,0.0005605945724602288,0.024921775903344035
0.67912027292269,0.5182226424763389,0.47021272789785296,0.6862803863668754,0.8112038140749347,0.7963421783981909,0.39864903662003176,0.6501788294966748,0.6360425829497374,0.7527374144219937,0.6192839536877457,0.5178182385212763,0.5590185874848534,0.773165336522821,0.7196448123359485,0.6487346976331525,0.7671738022089387,0.2227961976466428,0.7617666027496791,0.8081672135531204,0.6898037885634639,0.7542077290393554,0.8127099545476266,0.7531366900597096,0.7013599658802172,0.6286597683176106,0.7413887748171685,0.49835236240501524,0.8135146598662931,0.39207091671589234,0.7836369212442938,0.48311904434712216,0.704660180977883,0.708934786744938,0.6696127316536759,0.5052684360509019,0.5485502766016811,0.7500443163575679,0.682719612271011,0.13010445697636802,0.6674193110574062,0.7418524767251449,0.494212778756441,0.5524054085695145,0.7147267548958856,0.3745699889436855,0.7602189850626256,0.528393221366604,0.561735943803547,0.4563389394440267,0.7122709465561596,0.2607037009536224,0.6274692705505598,0.7654151164074795,0.6579702914741908,0.7105946531914376,0.8272866555725651,0.6327624937050305,0.5862943402463293,0.7861741325331726,0.7110469841811788,0.6097459161604184,0.9999999999999978,0.6289584224313839,0.5700512278379585,0.7629431468942809,0.7176845874667294,0.5311407946409881,0.500397221664695,0.41763230835956067,0.8000482304083864,0.761156082399979,0.4031816387824164,0.40050844640769395,0.7383507169627282,0.5321780046533684,0.661597762917747,0.7227320553244849,0.6624613707296898,0.5670406218770532,0.7546142668933367,0.4829443803106232,0.3149217167384094,0.6594724344888909,0.6543407576231648,0.13034741025254543,0.6263480912176003,0.33528550320498285,0.6455098634926377,0.03582940130828456,0.7798839132172625,0.28409352696937884,0.8296579787135017,0.7574776997247826,0.715353441605046,0.7559247017238724,0.8085794619293942,0.7845968462190361,0.00019326129309326715,0.0013110586501981622
0.5096070531775616,0.4373364936683827,0.4925750065932111,0.5362598694614984,0.6853482842849254,0.6577943022680641,0.3121250109480912,0.5852395832515046,0.41135628382282147,0.5373875334084168,0.5185512812833024,0.47571243151438064,0.41657799776099724,0.7630709929221127,0.5892633536090615,0.6094189932308969,0.607013736277277,0.15121739639633439,0.6262504265310512,0.7292341143740804,0.7421626524838589,0.6227974603043834,0.7408461544204663,0.590273544364036,0.7910331120800322,0.574734589940314,0.6718065810083834,0.37928920365703644,0.765082522966622,0.28617251939617305,0.538385861972347,0.3822358389134472,0.6127978445321768,0.614743612983622,0.5094336004203441,0.4369701993467814,0.43232987533501693,0.5715175682150927,0.5885019001226618,0.0696608125064615,0.7714125549355553,0.5715647832957366,0.3617127925474419,0.4763064219972743,0.631983046695078,0.23575287158257732,0.6265503475013493,0.44982229778801136,0.5696475810590698,0.3870829731750596,0.608616134028233,0.26690871188639037,0.5549744499132916,0.6050574358669744,0.5879529299766225,0.8120120256299938,0.7397574846525762,0.4992488981560576,0.4443696483332995,0.634124720966073,0.714393894213947,0.6163771864327526,0.6289584224313839,0.9999999999999992,0.448971155552656,0.7565823653322218,0.6041057549155059,0.43556062465622236,0.4515199856172132,0.3078304402951014,0.6638323750483223,0.6932929426015908,0.3572209215230162,0.27976279767842577,0.5870505379964315,0.44227135702355,0.4248337385131511,0.776847891130335,0.5708663841547236,0.4651570163377703,0.7015742763850776,0.47946226530704,0.22006463995868994,0.5481007391225934,0.6051737009437463,0.1755575884800653,0.6008759427964571,0.3330066728366234,0.5804667062713252,0.02333088001779942,0.7010964681391997,0.26698665754124096,0.5774812982476469,0.6164954271902316,0.6659096704567389,0.5337003707716327,0.7275528105561528,0.7176472168917932,4.542131582266353e-05,0.0044449695114589256
0.6002507270382298,0.4605938768811574,0.36684611460180877,0.6634470137339632,0.6163877296290331,0.6566383377852736,0.35398050754287336,0.5891307146157894,0.6066219012252063,0.6865699972102466,0.639712074885135,0.3776973544407326,0.5096321790880827,0.6396435378838273,0.650181811613114,0.6424337115425882,0.6553775502825654,0.16187688577206572,0.5598285837250426,0.6137368219298842,0.3397883813883332,0.6745523543201535,0.613807630521234,0.6436663470362647,0.4413462563318922,0.6178026926238737,0.6087092376759378,0.4744500959887821,0.5761670039770779,0.3758983591964534,0.6192918017992608,0.4186436531132236,0.6623011930265867,0.6640769305977356,0.6261671505043198,0.42791839831220246,0.5936681419217062,0.7233486884339031,0.583021618813624,0.09486776316175272,0.38782315415258223,0.6778184141371171,0.4769972253972059,0.42463280897747624,0.6627590721873996,0.31586955471591355,0.5922190227719458,0.4843342163308294,0.33719360136870313,0.4102760918845859,0.6860393908090994,0.21499973733027966,0.5802943150340398,0.695956793249262,0.4910514387141075,0.40294915470624004,0.6028859330058165,0.6081246666802133,0.6147397266006653,0.6341296299897048,0.4026378990893863,0.41845059818204067,0.5700512278379585,0.448971155552656,1.0000000000000004,0.5683228731256,0.6260912716649014,0.3709047652044095,0.3774284712020972,0.3840060544073599,0.5913261730196646,0.5549991249696606,0.3567140867899929,0.3665301931428277,0.6058639260675531,0.49582472181644105,0.5591879368388097,0.46313039388223354,0.5629769765477828,0.5119327262528304,0.5412633615111916,0.3005429314032022,0.22278347802453416,0.553152082618514,0.5447160148580376,0.13891453480834332,0.4208675605381384,0.25543610504982445,0.4431295219182679,0.03627988464724763,0.5772371199662052,0.2761120145486694,0.5294710262183241,0.6692175579683663,0.578680980012504,0.6622728962593327,0.5974165708598048,0.5864162874729055,0.0009568767927263762,0.0020716990269820466
0.6624975471153742,0.4951972575722845,0.6571340392336835,0.6510019639812326,0.8347980136423404,0.8099402207527548,0.5075992955524209,0.6099168382340067,0.5235759190325481,0.662647682645448,0.6036374995083129,0.5266347741203218,0.6400917504270792,0.8431294887794827,0.78329931919026,0.712826456160371,0.7269442925082336,0.20003027333690124,0.7684430440017544,0.8130124023397042,0.7785283523292508,0.7584494378465354,0.8203789602318424,0.6628134242851254,0.8588124716653117,0.7546278513582751,0.8677469559744044,0.6300360490150916,0.8274773283723759,0.46665998865042846,0.7225565529984356,0.5812729303303902,0.7127941220330568,0.71356532946825,0.5904799698420569,0.5756173867535904,0.5391032696837887,0.7563988981682459,0.7362096470117414,0.14183310339671468,0.7989010110007302,0.7341958618308814,0.6100868305550802,0.6027927303242089,0.7979411404691763,0.38164564341612145,0.7093136320422935,0.6176082326389949,0.5913692656823824,0.5775319030323511,0.7889959525405736,0.29791481848686324,0.7678550453295483,0.7630091870625257,0.854607033798622,0.8674048203756426,0.8548798669250298,0.5963882519514605,0.5545395709238528,0.7551862333110245,0.7604757338346784,0.6784938225764727,0.7629431468942809,0.7565823653322218,0.5683228731256,1.0000000000000004,0.679419337957105,0.5823806265864897,0.5396266435930741,0.48447812618869845,0.7330306151694429,0.7698763437977196,0.45853495150915824,0.47073314449983145,0.7090673067533644,0.6189337205432427,0.6582381587687125,0.8084755556311105,0.7381693122681685,0.6140951615048057,0.8030835584463111,0.5094711588897072,0.3005903528450757,0.6202286225693812,0.6496796115134229,0.20820779366464598,0.6800696168133824,0.3895430193054489,0.6553999698324596,0.04165109143373833,0.7949577419729497,0.30871205987909517,0.6944701164498975,0.7195193595518161,0.8299693096478443,0.6774384360728065,0.8137129395304434,0.7989330155167436,0.0007150884046015766,0.008153915537099233
0.6850559575880024,0.488393892856841,0.40860934570151103,0.7036322978534746,0.8031322140396957,0.7907669502816458,0.366991946644607,0.7733094804470102,0.6526658558145777,0.7692944141683118,0.713545864189236,0.4702758485376646,0.5223123981185096,0.7641255071452523,0.6807024155185153,0.6894101831920094,0.793860538092686,0.1616490392811195,0.6698317434401503,0.7958016550296765,0.5768126493830308,0.7878393509000112,0.8158160523243299,0.7587266589049241,0.6579200568906747,0.6109557450915655,0.6416956231757878,0.47675209761049764,0.7716665802401086,0.3691366930453077,0.72694676041126,0.4202240301798164,0.7558900199803215,0.7574219977555361,0.7064108030827861,0.4312731577332882,0.6376183893374074,0.7340629470956854,0.7042102912873325,0.10604842651612931,0.613165414046141,0.7495303224489375,0.434986937019026,0.5002204191709264,0.6308832807405594,0.3209676069995717,0.7567520228407713,0.5507665922028445,0.47842581446578486,0.41159053794265127,0.6228413287572026,0.2240115505468609,0.6455225777101414,0.7687263784325968,0.541378666152779,0.6333261529240788,0.7845862392117053,0.7951918393338745,0.6650223799395473,0.7911287853623157,0.5732637123958205,0.5378400306616863,0.7176845874667294,0.6041057549155059,0.6260912716649014,0.679419337957105,0.9999999999999967,0.4609034549964005,0.47109614756798024,0.3858314977008458,0.8484158618413564,0.7273381555189914,0.3925939624691797,0.34849033186167494,0.7551065950479544,0.4774433877308877,0.5579543274396984,0.6747031389723913,0.6574985507829401,0.613467329544156,0.7174425405028297,0.42345771578221414,0.23090003701215062,0.6667062409492631,0.7068287620206629,0.15410317675439972,0.5701508425147928,0.31824566421140454,0.5851343347946159,0.04454667019903155,0.8007816108922439,0.3776170731761002,0.6654665111129212,0.8192243028803687,0.7118873425821186,0.7463044736446709,0.7890099655387497,0.778005208371735,0.001794596225750906,0.0051805530701198605
0.45437765405315667,0.3110202753242738,0.41999344706254416,0.434151681946202,0.5591630229453233,0.5483385245186574,0.37125467004211177,0.42258049374394413,0.360149481151671,0.4674724382323128,0.386096577864906,0.5606497634456435,0.4953632067284724,0.5019222542629291,0.5237806445679557,0.43128084288064583,0.5004930749729891,0.16930623200829678,0.5561504324513051,0.5697416475767412,0.4957176916255535,0.5341003885158944,0.5014595000742316,0.4997659215718925,0.5160239633379085,0.5318963887333368,0.5459716043263905,0.4864858517934909,0.5431956489719603,0.3625125345752414,0.5559390455578068,0.4723845009030125,0.47054497418460395,0.4699881633629692,0.4238403144504458,0.5247524057659565,0.4008041604467386,0.47784096171896423,0.6034076347993114,0.10882668437322192,0.4755762336245842,0.47229378159062274,0.436163682634487,0.7755441345192298,0.4737690964389166,0.31112576548643006,0.4500739230276042,0.518820190046863,0.527041679407969,0.4192013039942363,0.47769225756145467,0.22402512116035128,0.5585912993925557,0.5459584123935783,0.5625416271069277,0.488546641744003,0.538937863979228,0.4471767701617538,0.3657611663603612,0.5277386072530822,0.6321882749786688,0.6298046049512298,0.5311407946409881,0.43556062465622236,0.3709047652044095,0.5823806265864897,0.4609034549964005,0.9999999999999987,0.29531544576176305,0.349324479142889,0.5290881377294081,0.5922129193774605,0.35232763350799956,0.37073261201363794,0.48136601534370177,0.4814597967740511,0.521342046994741,0.5029946599888242,0.5788858582047054,0.5374170564101055,0.5252977967653806,0.4485829605571148,0.24558397779296753,0.443585330314459,0.4179458625038015,0.14469083223572704,0.7122160562933347,0.41948507087717635,0.5829900354621335,0.041381385198073425,0.5548147584948063,0.2684031793866414,0.4931999674378651,0.5359279812317439,0.6063310534031521,0.5184460346232171,0.5229674252839875,0.5187674989887459,0.0005495229897630339,0.028157468088319836
0.40764589967444465,0.40682750666695666,0.3260858003791984,0.5207933178159181,0.5000891322350466,0.527144883868901,0.2419060919168959,0.43650716594451655,0.36044894222830925,0.4468278832492958,0.4478525552450001,0.2929787962919712,0.37527290145071307,0.5896322597569145,0.49400205013735554,0.5378335675229943,0.5258891616726913,0.10515780454238124,0.4687981362690994,0.527696091177525,0.4570733458312717,0.5008297278701296,0.5468475971222588,0.39743641903033683,0.4670111425731346,0.44972671190444335,0.5366747029576302,0.3424343968858228,0.5711551936651913,0.2519902838878743,0.44030292782463704,0.28961053995895036,0.4969173249722458,0.4982614150209809,0.47749006545243455,0.33519713208424845,0.3378696442040282,0.5133036622438858,0.42856596997662555,0.0836029944941345,0.45292465534484183,0.48065176789591224,0.3418380508272413,0.31946117395556617,0.5456928758857795,0.19813297926262968,0.5475998483649828,0.3201636287980482,0.4078618723153091,0.3043938366703975,0.5111812433117793,0.17749134761506002,0.41818040616659075,0.48445086141456917,0.40005243471921437,0.4855051136945564,0.5600558455340999,0.4001347535176548,0.39954739254952787,0.5308855429938213,0.5036252674574333,0.3849360753225736,0.500397221664695,0.4515199856172132,0.3774284712020972,0.5396266435930741,0.47109614756798024,0.29531544576176305,1.0000000000000007,0.27122182366515113,0.4908751559494534,0.47469582035877234,0.2376334524781356,0.2509646061829126,0.5366134567569592,0.3186312755114056,0.3982365982621888,0.5028406033323893,0.4139692923781251,0.3473462196155974,0.49399518093079964,0.3252556802682143,0.14503033958738037,0.384705182532023,0.4813337237277996,0.11218739125261687,0.380620030472183,0.21383469736270067,0.4172292319731656,0.025207977031632925,0.49034787693604803,0.18725529223047394,0.4495432479036603,0.4972501032069259,0.48093411417705945,0.43426738419887273,0.5582696877529385,0.5417436969464513,0.002542476507097255,0.0029357989915617996
0.38747125760102175,0.24813990204717565,0.37455664777995806,0.3984057345586054,0.4702360548112939,0.4669783825382191,0.45984170090373094,0.36316347757661727,0.30541258115797787,0.42181950659552847,0.3459208988872715,0.4050001577483127,0.5417338766320227,0.40669123151443404,0.4936574827226487,0.38998153590475365,0.4283442803995989,0.14625350925977476,0.43103899811294044,0.4423113383933528,0.30756659398755765,0.4982021031599557,0.3966595586938644,0.4303310920550999,0.4045399718971351,0.5350158008802688,0.4934186359989172,0.5185368381484734,0.36825564168914765,0.3936815049201421,0.5228563822869119,0.5573600871779476,0.41950937387378595,0.4174509870089412,0.32961872173871065,0.4785895232019446,0.3731392988251411,0.4914398386845619,0.48426189911833256,0.1203289895124011,0.33469869101293664,0.43106089727608826,0.5690894822332377,0.38238820090012865,0.44707512208217254,0.3062678815706441,0.38162933948781574,0.43575805668385426,0.2856629483210412,0.4949481011524409,0.44543870981364075,0.2176872891012169,0.5675760755415781,0.4966347716710854,0.4878574250112585,0.3428992476532268,0.4356266355973041,0.368628690606963,0.33899154396779585,0.4329028955825456,0.3497658945009235,0.40280118881712823,0.41763230835956067,0.3078304402951014,0.3840060544073599,0.48447812618869845,0.3858314977008458,0.349324479142889,0.27122182366515113,0.9999999999999969,0.3818707222289953,0.4969053996528341,0.3406998608859016,0.40166618074814525,0.4385522880202322,0.5698937866457252,0.5926413047008412,0.33229984406015284,0.4584581713809448,0.44944956509870193,0.3767047793194909,0.27316305069691493,0.2286323808383738,0.3750205826417078,0.34151616830907616,0.1290582642203786,0.35974181404454564,0.32314446191755203,0.4035254558877793,0.048456579724847515,0.4069668304496974,0.22940297943780455,0.38010785778055356,0.43419569052974394,0.5369904664323364,0.4592683430583753,0.41203544856529195,0.3887215350976469,0.001300989202669333,0.009952425679454653
0.6980466516822276,0.4991960171010484,0.424599881295229,0.6966624121968751,0.8451303911753394,0.8202786307859576,0.3708343899820668,0.7082157086443974,0.646809807477519,0.7636474422162736,0.6740024512055875,0.5506604274907431,0.5174367508639336,0.7996505446603046,0.688186726073231,0.6863969137981094,0.7996712144351109,0.18103699188807154,0.7074483911251792,0.8429975831789125,0.7051695456312543,0.7763184249518119,0.8627558522826226,0.7963115968886465,0.7364440457178177,0.616773973585243,0.6828488301242762,0.46641124895443237,0.8538097558381305,0.35994765832936215,0.7550150590563026,0.4195067897629252,0.7419241063329923,0.7434983890282387,0.6800562223582206,0.4514961969243412,0.6022169976698997,0.7308953301607655,0.7185689459875949,0.10360909217159871,0.7043167554284668,0.7581766260460026,0.42299213092382926,0.5479065721901708,0.6676750310743297,0.3321702200903196,0.7548772906737071,0.5578461121871316,0.5454494060245243,0.4063171214553636,0.6573067977915577,0.23781488161652925,0.6343627377342875,0.7791210597808433,0.5926513557267976,0.7302496790309332,0.8450515136338173,0.7058686678899327,0.6307459154761059,0.7989887348547202,0.6589467875297346,0.6134649019970149,0.8000482304083864,0.6638323750483223,0.5913261730196646,0.7330306151694429,0.8484158618413564,0.5290881377294081,0.4908751559494534,0.3818707222289953,1.000000000000003,0.7643740167863278,0.3885846218962449,0.3536626825312343,0.7728482179886231,0.47671025643460513,0.579094739666171,0.7640429337558386,0.6866635543644266,0.6212778842395423,0.7847016838318421,0.4730134963160987,0.2661015106874604,0.6988183756253388,0.7014666092195878,0.14510360646648934,0.6465313043775952,0.33596003687340714,0.6519540466705651,0.036289788141135045,0.8318149446202137,0.36532007433685604,0.7416688276919469,0.8107182958082625,0.7255684530066172,0.7587566754433449,0.8387782873349268,0.8307454518620314,0.0013430397874455117,0.0021323620527386213
0.6534170425541646,0.49832875197181875,0.5199275588657211,0.6585134548961238,0.8131697100019433,0.7793726626997618,0.42253074601035534,0.7173455940640433,0.5742772654360155,0.7086078474565161,0.6240164032879164,0.600444206681032,0.5758528764468154,0.7455939050142072,0.7322844754961256,0.6548201641340728,0.759992201245494,0.1873472266060734,0.7528248792466576,0.8396724098194395,0.6579505439289863,0.771469868913669,0.7910448895539851,0.789865219780636,0.7478073565988028,0.65604421285572,0.7261098517321062,0.543525012777725,0.7850637135615397,0.4015128383708164,0.7185199221190878,0.5641154021966402,0.718806369835961,0.7203899112620977,0.6314808512706735,0.5440080529883417,0.5792989678980163,0.7035613672942946,0.739106517058471,0.12411472098934657,0.6598107485126927,0.6896337835003872,0.5286318014390136,0.6200434609818628,0.6885848530779346,0.3370821284152621,0.6990085006513893,0.558456594268275,0.5660163418268457,0.5350488035964778,0.6915855019302318,0.2580349280308662,0.6984111415646704,0.766266557264832,0.6457774356644843,0.7034796640489209,0.8018718817721455,0.6568181838131113,0.5817499874827396,0.7789814039159805,0.7178395521519683,0.6418423689490123,0.761156082399979,0.6932929426015908,0.5549991249696606,0.7698763437977196,0.7273381555189914,0.5922129193774605,0.47469582035877234,0.4969053996528341,0.7643740167863278,1.0000000000000004,0.47354178488447474,0.392103589522079,0.7221853269525117,0.6171115020739661,0.6689785785279253,0.7179281456758193,0.672613701330784,0.6099975884072708,0.7084921582584858,0.5032974103075989,0.26377302297350674,0.6864143096825316,0.6758823634837605,0.16226959892680193,0.6664872248311123,0.37477813386232284,0.6639909501682282,0.03537356773658746,0.7960714998732055,0.33418395972142656,0.7030785555364695,0.7541190563244208,0.7697967193061429,0.7129712448471213,0.7887240661563911,0.7814899043269083,0.0006073124916321502,0.0033310042899974213
0.37517007611916686,0.2397744763135483,0.3684991624554403,0.3693341507431426,0.45693313686592374,0.4423376854608847,0.4460048762012959,0.41161125022441547,0.33492238872916114,0.40585037572334265,0.33843263916465716,0.36658532118304177,0.4189136212161287,0.38638386369518807,0.4610907751060451,0.36981830923674264,0.41196908588325937,0.25796639001053256,0.4070025242602838,0.45975468877694875,0.2808068349375699,0.5205449425865207,0.39025869720421946,0.4136276946440132,0.405659238068969,0.4677332497607317,0.41582007936199283,0.42598793186456474,0.36383988096785236,0.337951278067224,0.46896444889023736,0.39918472813575134,0.39322761074403645,0.38892676203745524,0.3507174670379979,0.3343095724075319,0.3638328417828536,0.4137554668017409,0.4898755132806996,0.11231604904426051,0.3353905873824454,0.3977379650638789,0.3943280218407181,0.37557615223196933,0.3962691457012314,0.35285455621421924,0.37300612780820575,0.4579835434301124,0.248282102221808,0.37356225979625657,0.4020152626406013,0.24940393600166366,0.5547577185929855,0.45879636016689906,0.45745928853678053,0.3446577190042308,0.4264236502217574,0.3963269661982607,0.3261545498335745,0.40797946265955587,0.3296684853102932,0.3302143065992238,0.4031816387824164,0.3572209215230162,0.3567140867899929,0.45853495150915824,0.3925939624691797,0.35232763350799956,0.2376334524781356,0.3406998608859016,0.3885846218962449,0.47354178488447474,1.0000000000000007,0.3564909098490473,0.371169242652824,0.42800199716383713,0.446842327441584,0.3530725906602036,0.41161485776303375,0.45234382928866435,0.36207137620923335,0.2564078846309829,0.3703440675611188,0.3814233882851183,0.3399226142530726,0.17424869558718054,0.3552100554982664,0.2755947285841084,0.3351664774112131,0.05384289688323253,0.45456889755648217,0.196076226486176,0.38373892572552565,0.44587077074848436,0.4845098729940801,0.4296488049596696,0.386438127018983,0.3704300024575476,0.001386037331263659,0.021006011940688532
0.4068624270769963,0.24711642402281686,0.3978264484665859,0.38808423781615314,0.4573598059426436,0.44413972216465003,0.4021887901176402,0.343749772528663,0.3161478325806111,0.42436426202202643,0.3328213547150606,0.32800877180908616,0.6482984897116213,0.3933048995184184,0.4862082465180486,0.3657749034851304,0.4358940797908465,0.1924324357790923,0.4172932810877512,0.41935607283624676,0.2911358802431941,0.47100703611515954,0.36265103070440396,0.34595626955876857,0.38817885117876805,0.5901859955346709,0.47024789277179213,0.6217699705330819,0.3560008014136037,0.6477602185495468,0.5180842485138937,0.49396601269404383,0.38278753642872465,0.38263026580313764,0.3274246721644508,0.45528658333379246,0.3774292585452717,0.45018717870510183,0.4973740535146041,0.1393816386425369,0.3569844734391143,0.4041888348716749,0.6357928912967887,0.4017829820213592,0.435909070374,0.3982733583332878,0.3692417515934544,0.5172656228785222,0.24380186786553254,0.5024085845122964,0.45300905689645554,0.19442275065776843,0.5993353337466791,0.47372465976081435,0.49264891191399024,0.31306213670975447,0.4216197867115753,0.38388102122705176,0.31706353204554893,0.44358234874268404,0.3247388463429048,0.3831302045164885,0.40050844640769395,0.27976279767842577,0.3665301931428277,0.47073314449983145,0.34849033186167494,0.37073261201363794,0.2509646061829126,0.40166618074814525,0.3536626825312343,0.392103589522079,0.3564909098490473,0.9999999999999989,0.4035388060139371,0.5102440380009365,0.5967876848158624,0.3359202656680927,0.4990866926736166,0.5164602637960922,0.3808689197052404,0.24538693599720693,0.27418032975188755,0.3291345522611084,0.3223522921431109,0.15597230737907547,0.394277706609793,0.309214604597295,0.3882939480093608,0.042200746835950625,0.38962272439518153,0.1911342409328222,0.3605037100854035,0.41261768143672195,0.5408424019418501,0.45704846615556005,0.41118663250538884,0.3589257671126941,0.000810271743630241,0.010642691361612928
0.673148972469082,0.5376693911970969,0.4428100262966004,0.7157612199541762,0.7775270159308327,0.7738489122198975,0.3709052954085008,0.6752973375554624,0.6037950838149531,0.7581771919453106,0.6624684910803754,0.48495213859662567,0.6108928441988267,0.757457803959618,0.7287036444056332,0.6645627385334407,0.8112297197102323,0.1674180682484549,0.7035947821866045,0.8008814957427972,0.5826231852129545,0.7513078398770021,0.7739151840113123,0.6984953537764987,0.6434850533488019,0.6640554534865374,0.7078437310567514,0.54656419597566,0.7746713049382273,0.41788957878518773,0.7329481391867483,0.48760531153460385,0.7395072516310588,0.7425616050821469,0.6452071205917158,0.5322954746856381,0.5797341475585952,0.7599712880221503,0.7008611772460513,0.10696216997330715,0.5946406699294476,0.7198016129754956,0.5245449302763217,0.543215622786737,0.6945448918607176,0.3620132988119166,0.7611265698836321,0.5446810977867307,0.5298537428899319,0.4737592170789835,0.6923669374029148,0.24308423301759327,0.6619227481158241,0.7724912048326829,0.5903522245494206,0.6201053509676204,0.7732116311428738,0.6622004978697933,0.6365812231070258,0.8113549585739972,0.6569852826898142,0.5997015922664577,0.7383507169627282,0.5870505379964315,0.6058639260675531,0.7090673067533644,0.7551065950479544,0.48136601534370177,0.5366134567569592,0.4385522880202322,0.7728482179886231,0.7221853269525117,0.371169242652824,0.4035388060139371,0.9999999999999984,0.5330014117951166,0.6440327617019133,0.648619484278121,0.6777609104018015,0.6092836015801149,0.7015717695559822,0.4636767578207766,0.24798165548170256,0.6398616808898445,0.701537433186882,0.14105150566659747,0.5821246027967546,0.3434242814303008,0.6268976011646813,0.044180731136793744,0.7367960332797272,0.31438391013272854,0.6880040823782256,0.7725444903766281,0.7242620230326904,0.7437484769439484,0.816267074829619,0.7554701721787596,0.0011317432094004084,0.001633530616502142
0.509777613380697,0.31763854330836727,0.5516071707855535,0.5229546077102586,0.5967093872351424,0.6138980092598764,0.4851057983050527,0.5020695100767436,0.41906421863194687,0.5544189141521192,0.46288070656517055,0.4839453607756108,0.6487262550656847,0.5180122147530682,0.6417002985433246,0.49714488037732973,0.5540223274370668,0.20481580761547136,0.6035393698695148,0.5700237373126943,0.3850818385609801,0.6255186160873591,0.5077064794228321,0.5420566995960268,0.5547011042354439,0.6677711962179966,0.6202960811317229,0.6693929124598684,0.4844272972634743,0.49864618618075673,0.6377839897669353,0.6903969102673715,0.5443352298807438,0.5456542134693612,0.4540704707913599,0.5968192387914439,0.5053771330878966,0.592837406487889,0.6128624820825006,0.14020165323222572,0.43466038105785015,0.5398363543783055,0.7202811402174647,0.5344298881432125,0.5832843857957632,0.42145814033120255,0.4713137510899861,0.5999516177780054,0.3582779333801169,0.6773114688724015,0.5974332031592523,0.24694339299493007,0.7330174295943446,0.6244299603982564,0.6304658229615727,0.4438422200196358,0.5275487022306032,0.504864924247955,0.4519260863743256,0.5668272697347583,0.4790013739661544,0.5381879742175032,0.5321780046533684,0.44227135702355,0.49582472181644105,0.6189337205432427,0.4774433877308877,0.4814597967740511,0.3186312755114056,0.5698937866457252,0.47671025643460513,0.6171115020739661,0.42800199716383713,0.5102440380009365,0.5330014117951166,1.0000000000000022,0.7104902656763576,0.43357079625672157,0.6012361186450672,0.5910319134126921,0.47475828548160187,0.3519767102588621,0.35696841443519356,0.5143108795759794,0.45485741221426856,0.1636474660806222,0.5126372081183714,0.3800038227366149,0.5114950632193801,0.03365921731058175,0.5117580724993915,0.28253879045108604,0.5128525142407016,0.5484316237067312,0.6695011860953071,0.6510131164365569,0.5279167899878723,0.5030291948773971,0.0018936430938740003,0.002733238374993075
0.5959451129183755,0.4083716159709662,0.5573937252246666,0.6229364425298859,0.6771182603988924,0.6790986073227431,0.5194865025584947,0.55845332071661,0.5525367491514768,0.6599546557989626,0.5336659125458265,0.5051861941005205,0.7454642214284379,0.5998982282140157,0.6772294370975335,0.5500905755779308,0.647114791413522,0.20134278712821957,0.675600746028201,0.6557887847340804,0.4238721111910331,0.6997107887694771,0.5976013483231812,0.6334697978328401,0.5472541640030596,0.6948933197959402,0.6831265786167287,0.7242020673491147,0.567642557859775,0.6016007491206985,0.715551914473355,0.7211229074622603,0.6128668356210738,0.6131721254780584,0.578807403179693,0.6547483765049881,0.5280109749045939,0.7140899008683697,0.6696586924707204,0.1555423131816547,0.4506610931150753,0.6379308898544838,0.7658232830430782,0.5871664021792403,0.6428489156320776,0.4065248001485857,0.6137790750354447,0.5680650172762435,0.40879376369044135,0.6894051882708052,0.6546499880157661,0.25311331742988713,0.7524405924355186,0.6925570831380979,0.6092083895119385,0.4608837202985856,0.6373763937108183,0.5699643378930311,0.5245513456366706,0.6570977926124535,0.5349303484037915,0.5785583297333969,0.661597762917747,0.4248337385131511,0.5591879368388097,0.6582381587687125,0.5579543274396984,0.521342046994741,0.3982365982621888,0.5926413047008412,0.579094739666171,0.6689785785279253,0.446842327441584,0.5967876848158624,0.6440327617019133,0.7104902656763576,1.0000000000000013,0.47440213514253193,0.6436653476882699,0.6348708119302565,0.5758428007076315,0.3990687798466094,0.2823747587385018,0.5634547063486859,0.5133626611938127,0.15419079689304194,0.5403268500756809,0.40976596606256493,0.5779384059946895,0.058594959632043205,0.6083045216757561,0.3059177528006375,0.6229287888114288,0.6631245323217685,0.7243981387161301,0.6791468132203835,0.620165405032971,0.5718345641906062,0.00043937716078463384,0.0017757216543834733
0.5549623027040914,0.48570570194461293,0.48789301634694066,0.5720334887295129,0.7659075658466299,0.7033851077778621,0.3387543975417297,0.6002193752761942,0.4669764000417709,0.5953993464743805,0.5646373824612934,0.482915203932259,0.4768963490809638,0.7803888698516208,0.64004106832159,0.677728975555034,0.671484679465442,0.14985682641728598,0.6780289141039704,0.8082906222918247,0.8676441582539111,0.6443153986275822,0.829686495270667,0.623495334559151,0.8575465448831983,0.6060001996265196,0.6970979759327625,0.39698137594024474,0.8621060813260557,0.32933984378755987,0.5945450974219035,0.36395564705246825,0.6488100562790502,0.6511581157456316,0.5262282036711337,0.43495372167755963,0.48486872235361533,0.6079111691723555,0.6276236064738233,0.08852072825343535,0.8740604242597304,0.6063412163320665,0.3897168883485165,0.5196026960813241,0.6713213266703641,0.2789873298625558,0.6719294308887944,0.464795996362377,0.595018644058044,0.3736365293312274,0.6645526101512238,0.21689266433445567,0.5819597142829364,0.6590846706470624,0.6472788770639077,0.8882466257941399,0.8130378121534173,0.5411844714682432,0.4893623788647262,0.7071744525639754,0.7410152239581115,0.6486857398933341,0.7227320553244849,0.776847891130335,0.46313039388223354,0.8084755556311105,0.6747031389723913,0.5029946599888242,0.5028406033323893,0.33229984406015284,0.7640429337558386,0.7179281456758193,0.3530725906602036,0.3359202656680927,0.648619484278121,0.43357079625672157,0.47440213514253193,0.9999999999999982,0.6223414728756615,0.4884458462597036,0.7565894627005667,0.4919853886950105,0.2038340957797447,0.5809189694748331,0.6612178900010828,0.11350442273700505,0.6736403156476655,0.30563879562127577,0.6366386205515976,0.03320731327872343,0.7766804576941595,0.2866207898954077,0.6398741659155536,0.649121527100747,0.7264848655620348,0.595838204313784,0.8167749409311603,0.8123619388434946,0.0003523333739898911,0.005746608454970865
0.6653858589425007,0.4265394760879322,0.5330935671452864,0.6308152428166325,0.7525544112664894,0.765334946267084,0.4497848741030045,0.5956440371878626,0.5270202191057938,0.680864828907967,0.5819782147401248,0.5224237077756876,0.6780435257568572,0.7160348136419492,0.7473434498535263,0.6235971656727858,0.7065506138401407,0.19397151839313856,0.6909517229952992,0.7259314750110707,0.5738547361359667,0.719544680944142,0.6963153224939165,0.6596950369698287,0.6528966805580922,0.7376587142850564,0.7288616391175697,0.651418230802375,0.6986173960388999,0.503727584815872,0.733916699391232,0.5539532623188524,0.6853652933526095,0.6836585458772445,0.5919866638119604,0.6408610210072447,0.5768128982081436,0.7061226591026919,0.7575963530484715,0.13118977182740377,0.5949839563992236,0.6930767359571017,0.6188480783523321,0.666256079419945,0.6738141288309233,0.4242658698926849,0.6281552002391957,0.6520445761846715,0.5399921426243588,0.5533032931318772,0.6839650390950495,0.24620124760302453,0.7463824670317674,0.7587019542156388,0.706607732850671,0.6096915692735186,0.7214933088495374,0.623998738191761,0.5589999855129832,0.7230374261078283,0.6415719021878933,0.6705339218435282,0.6624613707296898,0.5708663841547236,0.5629769765477828,0.7381693122681685,0.6574985507829401,0.5788858582047054,0.4139692923781251,0.4584581713809448,0.6866635543644266,0.672613701330784,0.41161485776303375,0.4990866926736166,0.6777609104018015,0.6012361186450672,0.6436653476882699,0.6223414728756615,0.999999999999999,0.6873851028612075,0.6792135973343005,0.4795926775675278,0.2857145517585774,0.5931986039440424,0.5927110635035505,0.206826252236462,0.7152018608599772,0.42131876345747515,0.6707569851561939,0.03948428711407062,0.7014204414745634,0.3433270356226382,0.5869760314247172,0.6960249845314742,0.7655235499836103,0.6856839343819757,0.7147225514338966,0.6844552309057168,0.0012170028134753765,0.005621095215716325
0.5734316536664191,0.3627190865317719,0.49765491752723956,0.5617910753555004,0.6542242950822081,0.6648016307800696,0.44219964366805337,0.5434384857559774,0.47769296643437653,0.610531545292111,0.5236932311094451,0.5032767370803231,0.6512529606193561,0.5771900016223336,0.6384986975281066,0.5314637888793274,0.6280374883278321,0.1918164221212678,0.5659256150777787,0.6364030262564044,0.4339553889654672,0.685243913175233,0.5654277753974832,0.5960720434365101,0.5399426494620841,0.6964370848490316,0.6003439060777849,0.659320177729191,0.5729279480374612,0.48667737701882297,0.6869992646440126,0.5507663684295885,0.6004702512691591,0.5992253538717773,0.5210835279006982,0.5176270883783975,0.5355982189688844,0.6141104140949569,0.6972855945850938,0.1343151849791439,0.4723410865420842,0.5939568171151914,0.6041180423828862,0.5691111160435652,0.5602617080656047,0.4150918469029496,0.5301425169684131,0.6485189848474072,0.3959793519727294,0.5374436516993626,0.5740107900045627,0.26415064980885855,0.7658607164673189,0.6748528931133919,0.5779384167035592,0.45314952349027215,0.6107704080292808,0.5895576073909677,0.5094943953451516,0.6360696610366661,0.49076366425828877,0.5041766746361402,0.5670406218770532,0.4651570163377703,0.5119327262528304,0.6140951615048057,0.613467329544156,0.5374170564101055,0.3473462196155974,0.44944956509870193,0.6212778842395423,0.6099975884072708,0.45234382928866435,0.5164602637960922,0.6092836015801149,0.5910319134126921,0.6348708119302565,0.4884458462597036,0.6873851028612075,1.0000000000000016,0.5676333578882784,0.3740851035062977,0.27707326768433815,0.5389773272920477,0.515882659239481,0.19650181821487755,0.5565437766591239,0.36223239571104016,0.5463486085078764,0.04234269835957306,0.6185509453475194,0.3508582746617607,0.5117550709938983,0.6493523165934376,0.720084389720036,0.6368510803794265,0.5937220285066138,0.5607395644512216,0.0016626022999169188,0.008159183026004754
0.6468916564345333,0.4637015277766561,0.46898144495472827,0.64565403701128,0.813688755276732,0.8002372015872615,0.37513116299157856,0.5979723608275285,0.5578644814129743,0.6710784932989621,0.5846455446022569,0.4736888484360996,0.5421278811036752,0.8339095994454792,0.6867864760278848,0.6596740214905957,0.7214207816944853,0.15974509687620028,0.6961251086473774,0.7870953633652498,0.7545318837466328,0.7134087469153509,0.8299708011300335,0.674663543036909,0.7570033611247755,0.6447367091123895,0.7376963500694074,0.48720384590490906,0.8338324701920866,0.3774985129577251,0.6950382204326575,0.44251126147280195,0.6736884204406282,0.6754575702170176,0.5928421465592579,0.47953705483326403,0.5361044600086254,0.7422323032276363,0.6758232549458028,0.11552541544802727,0.744359085906762,0.7400026760086105,0.4638177455741182,0.5354967815288698,0.7064202176232525,0.3100302726722808,0.7307749645449516,0.5188508929766313,0.5552679965619235,0.42493656007858205,0.6763603522368835,0.2636420996475263,0.6216288448117953,0.7251746169038256,0.6485697075323016,0.7761907496128648,0.8378048120221965,0.5973621492224355,0.5479806287431594,0.7281298931499842,0.6959106639162383,0.6178729567240788,0.7546142668933367,0.7015742763850776,0.5412633615111916,0.8030835584463111,0.7174425405028297,0.5252977967653806,0.49399518093079964,0.3767047793194909,0.7847016838318421,0.7084921582584858,0.36207137620923335,0.3808689197052404,0.7015717695559822,0.47475828548160187,0.5758428007076315,0.7565894627005667,0.6792135973343005,0.5676333578882784,1.0000000000000047,0.47161696106137574,0.22855803803510774,0.6049301617521932,0.6341378517855379,0.1821513763734641,0.626382138415702,0.33896209277028466,0.6325706816075671,0.038375016341167925,0.8134725714089618,0.3017174717423121,0.6904623096529039,0.7349520306712856,0.7449396097878331,0.6668329549211911,0.7882133456095137,0.7855750444133117,0.0031433643559953843,0.0063518778998325354
0.38159758249360265,0.3506527177845221,0.3388565666613915,0.39024838827681707,0.4900472506070508,0.47321381160232834,0.29569362697899104,0.42515473334947645,0.3043737737333565,0.4107349707862579,0.3653161877822281,0.40503135727692846,0.373812315625002,0.48807519009454603,0.44295490780564145,0.39272180449363975,0.4786077714861072,0.14095146662004596,0.5269142474175024,0.5371587965837759,0.4786721595745749,0.45943588663004076,0.49696805999167726,0.4280502846853097,0.4933405689575511,0.41245736416120216,0.48946502384858614,0.32666431392855605,0.5342821675855298,0.2573270337693935,0.43651462476236635,0.3723058153069846,0.4336390379111661,0.4333172437396199,0.36961134192476514,0.5023454330474396,0.30381059777843467,0.414128762041127,0.4770440907946881,0.08335363879861932,0.46484379129419756,0.40630277358493083,0.3125572314123203,0.5404216466221389,0.4272216122761826,0.20259832457735427,0.4630921255425635,0.3412153804301672,0.564678525536082,0.3247892471717133,0.4280846974662662,0.17223888165985674,0.40846203404026815,0.4609914289193016,0.41683864169721463,0.4928909548143762,0.5055569466080313,0.37854316920714415,0.32817225036591535,0.5102623976890788,0.6458701965445012,0.5967016936188303,0.4829443803106232,0.47946226530704,0.3005429314032022,0.5094711588897072,0.42345771578221414,0.4485829605571148,0.3252556802682143,0.27316305069691493,0.4730134963160987,0.5032974103075989,0.2564078846309829,0.24538693599720693,0.4636767578207766,0.3519767102588621,0.3990687798466094,0.4919853886950105,0.4795926775675278,0.3740851035062977,0.47161696106137574,0.9999999999999996,0.19148160357948468,0.3926814726044304,0.43036363997939603,0.09311134363653038,0.5903796789275377,0.42382415115007155,0.5510628122146395,0.03200740457778416,0.5053966138771925,0.20999481033029496,0.4443245818234783,0.46594746742717347,0.4841217478609655,0.4174599357595071,0.5276059777420045,0.5166386899798242,0.0029705780554283713,0.03387251478901972
0.244094039063334,0.15442633818644658,0.23986722105166253,0.2398327111123427,0.2891357917539387,0.3001484740414683,0.3343959578160419,0.29071080242863423,0.2036129438075936,0.25937357824507834,0.19778346262751478,0.25988041587796884,0.28144523617113093,0.2402630017790966,0.3247629664500631,0.22472316175166862,0.25643815590480157,0.4829694649396215,0.2772271896099124,0.25487736615325984,0.17256398187523656,0.3414593616457296,0.23175090179069688,0.2476493183942225,0.2517609860996127,0.325998054159499,0.2845949626627991,0.3317765774390521,0.23226930020966802,0.2315304863695577,0.3663389532593382,0.2951324480473747,0.24717586199787134,0.24474517617066882,0.23024217616240006,0.2376905342577673,0.2308242072471681,0.26719649407266244,0.29194468847577193,0.10838218239722605,0.22337978218038101,0.25382769625325036,0.3045675928895982,0.22737542061874494,0.27379572871502544,0.44189767257601464,0.2334337788319601,0.38632819081339653,0.1654401691362784,0.29803375374343466,0.2720324836083845,0.3107334425873229,0.34680003845330987,0.29223056482964443,0.3196772809537347,0.21908696737300645,0.26352582232369887,0.24182780982180938,0.20162023138672847,0.2612123832206982,0.23618364241032982,0.21358097421499464,0.3149217167384094,0.22006463995868994,0.22278347802453416,0.3005903528450757,0.23090003701215062,0.24558397779296753,0.14503033958738037,0.2286323808383738,0.2661015106874604,0.26377302297350674,0.3703440675611188,0.27418032975188755,0.24798165548170256,0.35696841443519356,0.2823747587385018,0.2038340957797447,0.2857145517585774,0.27707326768433815,0.22855803803510774,0.19148160357948468,1.000000000000002,0.22297300560058889,0.19703265992250574,0.10310003067284278,0.22040245814314513,0.19209830021887148,0.2076145006929432,0.027750808194259388,0.24189362548516025,0.1459797991816905,0.3580599277682342,0.2854197095529577,0.2874592929372627,0.3011240693352244,0.24220436792183025,0.2336577953274766,0.00031317411102153517,0.04922583757533476
0.624524874370288,0.41230462529554,0.4225824118144215,0.6239667315331412,0.7204248535611625,0.6993378679889691,0.35232711796146626,0.639760538481815,0.619476465512756,0.680477016505876,0.6111940501754047,0.4564751021451897,0.466862525708742,0.65400695224285,0.6477953745364227,0.5968613273648138,0.6690282555842082,0.16063723981487896,0.6460085305068154,0.7176408723447162,0.49142209897526734,0.6973521489200094,0.6877119673223282,0.7580447746244467,0.5863057326162453,0.559355158358592,0.6034981031820564,0.44430645951583203,0.6469861702982311,0.33036638526807116,0.6359711744604408,0.4280087880263872,0.6754738127357267,0.6787292280957715,0.628547105148216,0.4388295698042525,0.5437325426146864,0.6382562215305283,0.6203764732051307,0.0835425546513365,0.503062630510515,0.6593190511651079,0.4257214277041152,0.48194910703388993,0.5978374259056181,0.3001905375555661,0.6107105823637773,0.5099329802696425,0.42013644302482467,0.4213874724290946,0.6041141777278314,0.18447743523563598,0.5909123825950244,0.692218507906376,0.5142058708330765,0.5378903040121623,0.6876056049543924,0.6263588882267437,0.5780787645219823,0.6660456924383898,0.5308113682398724,0.4904193357177859,0.6594724344888909,0.5481007391225934,0.553152082618514,0.6202286225693812,0.6667062409492631,0.443585330314459,0.384705182532023,0.3750205826417078,0.6988183756253388,0.6864143096825316,0.3814233882851183,0.3291345522611084,0.6398616808898445,0.5143108795759794,0.5634547063486859,0.5809189694748331,0.5931986039440424,0.5389773272920477,0.6049301617521932,0.3926814726044304,0.22297300560058889,0.9999999999999993,0.6367825602778637,0.13888960817869064,0.5294680655906101,0.3095887886114409,0.528106690660957,0.038822054084396956,0.682232315269437,0.31078481693066484,0.6321547664960685,0.6694577146435623,0.6258016372422832,0.6618557246273099,0.664764554065479,0.6473422701695882,0.0017213673724722051,0.0019876638317421333
0.5920137445663194,0.5127804194529351,0.41476910988201504,0.6333466439272806,0.7038076419637106,0.6923238670605525,0.3567423238613401,0.7263699225036855,0.589350192317839,0.6707728506263928,0.667816166111051,0.4190318248638446,0.4975758812743664,0.7221649914439121,0.6748768993511263,0.6278597891403255,0.7298988815159209,0.15148680917549195,0.6511857984171493,0.7884271857976906,0.5569900612659369,0.685902184530452,0.7395174607376788,0.6736962881666425,0.626095148730384,0.5894745618980073,0.6334704814963704,0.4361640672409804,0.7394864695727648,0.3242916109961325,0.6044301695056383,0.3807975597162246,0.722791421687094,0.7261534719118121,0.6332530235430596,0.45963284045920255,0.5658387035514725,0.6510194965186161,0.640559562126174,0.07069415072626596,0.5852320067739882,0.6264191674020578,0.42740431173596305,0.48722972888077676,0.6168267989137779,0.26241756814741496,0.7067152053546515,0.4671753988809306,0.4919633372495027,0.3977209953097136,0.6374681393032213,0.2699333511144391,0.5765106860530614,0.6975490051797155,0.494969534854814,0.5996546378722242,0.7188348013636683,0.6419674464034302,0.5887480626162803,0.736269737336064,0.5992808617054839,0.5282796078939176,0.6543407576231648,0.6051737009437463,0.5447160148580376,0.6496796115134229,0.7068287620206629,0.4179458625038015,0.4813337237277996,0.34151616830907616,0.7014666092195878,0.6758823634837605,0.3399226142530726,0.3223522921431109,0.701537433186882,0.45485741221426856,0.5133626611938127,0.6612178900010828,0.5927110635035505,0.515882659239481,0.6341378517855379,0.43036363997939603,0.19703265992250574,0.6367825602778637,0.9999999999999989,0.11842856889165117,0.5717547267618173,0.27292017034759386,0.5564469397173972,0.046258748497628566,0.7182208296280141,0.31615174914488914,0.6004748129340495,0.6986014716943921,0.6639664853015137,0.6344938459382022,0.7605427496158927,0.7098960744828102,0.010244697180447043,0.005914778674897301
0.15616871822750972,0.07195369607603198,0.14703428254775375,0.19089058372960344,0.1810736303186052,0.21976688594875105,0.19118900989147336,0.11611967838525146,0.1064719855809141,0.1319786812008906,0.12731014833722432,0.11118730137624021,0.1692678756310962,0.22573221764346996,0.1671103515211692,0.13909165773924434,0.1342845366377437,0.07517254181311919,0.13632622818456464,0.14375465019762235,0.10031076378936182,0.22435758718275176,0.15891369632424235,0.12490786818601132,0.1568047328748982,0.22992050231326766,0.1941728811179526,0.1959744295435299,0.15715633506846624,0.14945329038072974,0.17050963169981923,0.1471926773569554,0.1655331561404888,0.15243503775488226,0.1414469128603732,0.13077270407418193,0.11826706229314328,0.20504947817183675,0.1811209199074092,0.040898851502023825,0.11794715925459355,0.2272884408968968,0.16320126387596834,0.1424322410625329,0.2223438248824109,0.15407017869485035,0.11871508612243334,0.25282164674600727,0.09009236314820832,0.1394118587388404,0.16016630240285254,0.13197471830831167,0.24834451392541398,0.17688070474789716,0.18676366314835807,0.12407057689706465,0.17977808994548267,0.14349341668006418,0.10922258303890878,0.1330060483890475,0.11344181141866658,0.10396050149239658,0.13034741025254543,0.1755575884800653,0.13891453480834332,0.20820779366464598,0.15410317675439972,0.14469083223572704,0.11218739125261687,0.1290582642203786,0.14510360646648934,0.16226959892680193,0.17424869558718054,0.15597230737907547,0.14105150566659747,0.1636474660806222,0.15419079689304194,0.11350442273700505,0.206826252236462,0.19650181821487755,0.1821513763734641,0.09311134363653038,0.10310003067284278,0.13888960817869064,0.11842856889165117,1.0000000000000004,0.14967167881288598,0.1129130283369817,0.11230359316058115,0.015907897645109463,0.15842964062736103,0.20097713341055218,0.11203021642598329,0.1956411996694815,0.19679421794760177,0.1430493404085754,0.12238813408108613,0.14768961901037989,0.0246613061553175,0.01779776468417542
0.5441371334686282,0.4071794656518721,0.4463145365146443,0.5126817122528862,0.6645999086803192,0.6362135607372401,0.3791033889523415,0.5405107675034531,0.41678146754892065,0.5458684570218518,0.49524694169888867,0.5750989743551018,0.5404670376420533,0.6418759630060074,0.5974530340430133,0.534751304108877,0.6050974989885322,0.17113999494811113,0.7001505397065573,0.71682307349843,0.6668169451902753,0.5987253895150604,0.6698705102586486,0.5758427322381061,0.6705936621177291,0.5910314035262075,0.6427254397695417,0.4928954362046312,0.7104774462087236,0.4082297807717138,0.5927933667246033,0.49591109478567297,0.5735375683710454,0.5758018099512621,0.4813638384720771,0.6927073463747238,0.42979214581437636,0.5425836541492417,0.6853098461935964,0.11364480220070364,0.6409796717041203,0.5400062561668115,0.47180742016386107,0.8377274657700835,0.5652890283507658,0.3080516244650214,0.5713961983815614,0.5224246067615798,0.7060107597609522,0.44849071587624184,0.5674932912827257,0.20497992350775615,0.6076720183379573,0.6367321818809801,0.6035769922011608,0.6612473257744655,0.659371080136488,0.5161961928606209,0.4285412210641122,0.6508840741798002,0.7994366956842671,0.839354846244636,0.6263480912176003,0.6008759427964571,0.4208675605381384,0.6800696168133824,0.5701508425147928,0.7122160562933347,0.380620030472183,0.35974181404454564,0.6465313043775952,0.6664872248311123,0.3552100554982664,0.394277706609793,0.5821246027967546,0.5126372081183714,0.5403268500756809,0.6736403156476655,0.7152018608599772,0.5565437766591239,0.626382138415702,0.5903796789275377,0.22040245814314513,0.5294680655906101,0.5717547267618173,0.14967167881288598,1.000000000000007,0.5229604053684546,0.7842724420279046,0.03907551051267502,0.6699793327972942,0.28498245997264726,0.5645584859896817,0.606188029977746,0.7043036260044335,0.564032198655237,0.6826492881922865,0.677182442956614,0.0006936300677487607,0.01942267405713912
0.3478608581458994,0.20578862825528388,0.30149361386391427,0.2983008299514217,0.37221146064810906,0.3678717007932437,0.32996965992410077,0.28995769342008937,0.23381301247774408,0.3076857035910482,0.2701802204923309,0.4033712158785021,0.4051427932727337,0.3364262087162063,0.33933242741208774,0.29154627244733156,0.3322558008939442,0.13347644443915244,0.4180662891077196,0.3686379001938167,0.2976627245534177,0.3831916541139971,0.3313921288435424,0.319555428136911,0.3596611800604128,0.3811765459463364,0.3707848064024104,0.3650890737601791,0.33195504289968847,0.3130042399345211,0.39204214765792283,0.46173008969700047,0.32273457477815964,0.3204164864669361,0.2800520762627264,0.5762503412838231,0.25418761566525555,0.33083574822359907,0.42109117820295017,0.07792172468409765,0.315025188827431,0.32413795237920495,0.3454475186573597,0.5340315757417395,0.3113220999846444,0.22811980382512137,0.2993016068162619,0.37559831560999796,0.41984408019671315,0.3588544432137616,0.3134888503433295,0.1677963680384687,0.38476254588220626,0.36501939241729686,0.3651774244870064,0.3171574964767322,0.3495723824895625,0.2941167121362941,0.24978211320351684,0.36058559027177434,0.4661568931153316,0.5966220905081541,0.33528550320498285,0.3330066728366234,0.25543610504982445,0.3895430193054489,0.31824566421140454,0.41948507087717635,0.21383469736270067,0.32314446191755203,0.33596003687340714,0.37477813386232284,0.2755947285841084,0.309214604597295,0.3434242814303008,0.3800038227366149,0.40976596606256493,0.30563879562127577,0.42131876345747515,0.36223239571104016,0.33896209277028466,0.42382415115007155,0.19209830021887148,0.3095887886114409,0.27292017034759386,0.1129130283369817,0.5229604053684546,0.9999999999999992,0.5482075856919699,0.049215048858610964,0.35518981896676505,0.17942678052605782,0.32283617013971,0.3741224197563773,0.39318618932703764,0.336408938859217,0.3376098483902168,0.33165800238267273,0.003582590144249298,0.028957731378498056
0.5402411222240758,0.4342164915682937,0.432200680352177,0.5416709388911574,0.6660462684874746,0.6357524719806971,0.33817064407808334,0.5348690699177516,0.4310161145332605,0.5785530279801497,0.5064038744792749,0.5384131107853479,0.6441085621816376,0.6347393021155904,0.5980359620983695,0.5314053423593434,0.6460513876680014,0.15417952775506022,0.6733626001075927,0.6892448687123001,0.6471885206606184,0.6141482950948651,0.6602538495223609,0.5826899750024201,0.6367917804994395,0.5817490934313516,0.6391860605964355,0.4926830433294482,0.7028911365051408,0.3890901413495158,0.6324653472260606,0.4978268115343798,0.5817478709517567,0.5841829205514073,0.4950207753912004,0.7011573780780593,0.44756659860167197,0.5843921831902595,0.6658655346550099,0.11093813876789917,0.6301940900610755,0.5465636935558174,0.4797530138747044,0.6911261570815127,0.5770956208977485,0.2985389491057343,0.6084933926565883,0.47774455241283786,0.6700062432656912,0.44686749352223293,0.5778162073907178,0.1981272012916318,0.5765944221018111,0.6331431345638698,0.5630249593474745,0.6325147562878892,0.6675209918560125,0.5159954494410752,0.46466753896891744,0.6794051005325893,0.768121559169771,0.7949915103738731,0.6455098634926377,0.5804667062713252,0.4431295219182679,0.6553999698324596,0.5851343347946159,0.5829900354621335,0.4172292319731656,0.4035254558877793,0.6519540466705651,0.6639909501682282,0.3351664774112131,0.3882939480093608,0.6268976011646813,0.5114950632193801,0.5779384059946895,0.6366386205515976,0.6707569851561939,0.5463486085078764,0.6325706816075671,0.5510628122146395,0.2076145006929432,0.528106690660957,0.5564469397173972,0.11230359316058115,0.7842724420279046,0.5482075856919699,0.9999999999999971,0.03284658445134729,0.6561183140280613,0.2794899667241774,0.5843841488891046,0.6285389546374761,0.6865338377922021,0.5893071202889951,0.7068845106640975,0.6695444184285777,0.0006632205355860817,0.021251535788775523
0.034729842166681416,0.02532946592121049,0.03907560829698044,0.03890911955335702,0.0396581748305242,0.03968252639098226,0.15997686966574753,0.04301519908394536,0.03400703769659289,0.038311158736995685,0.04185457660631234,0.053241209732894146,0.053049726202651484,0.03658017562431733,0.034553013014515715,0.038006114246618115,0.04089512457736559,0.04089974317486211,0.03987478059405741,0.04728616930689964,0.023326614841227594,0.0594140868084391,0.035751549299294104,0.031193635953248693,0.03181996503093655,0.040589399895136775,0.03292745895461651,0.04615333655341823,0.03455161705016137,0.05315589102753442,0.043772273425128363,0.046048497913320635,0.04736242277136344,0.04376164320187991,0.0405331453164039,0.038506441217341,0.047607424053463895,0.04321058424032468,0.05158446587346141,0.049184978942275526,0.023399924656007848,0.037036019647444504,0.04919972619235734,0.03722897251442918,0.031315405351529185,0.030916828928249374,0.04447432395196893,0.039919421497782624,0.02620310564497215,0.04421378137566384,0.03176898445569247,0.0386459255829827,0.04826367324771944,0.04182789552458524,0.030275596573667393,0.023915305813738935,0.04069490210955144,0.0423974234929867,0.035351925095383784,0.038386971289677774,0.03764500665308199,0.03387120654309048,0.03582940130828456,0.02333088001779942,0.03627988464724763,0.04165109143373833,0.04454667019903155,0.041381385198073425,0.025207977031632925,0.048456579724847515,0.036289788141135045,0.03537356773658746,0.05384289688323253,0.042200746835950625,0.044180731136793744,0.03365921731058175,0.058594959632043205,0.03320731327872343,0.03948428711407062,0.04234269835957306,0.038375016341167925,0.03200740457778416,0.027750808194259388,0.038822054084396956,0.046258748497628566,0.015907897645109463,0.03907551051267502,0.049215048858610964,0.03284658445134729,1.0,0.04291043483708765,0.04264298909564858,0.03499609437553697,0.05362978865267231,0.05671193718628542,0.04305334020698669,0.037917964449719926,0.03821185275202191,0.04778184825674966,0.02758686295341227
0.7016813280764914,0.4970404913016942,0.4930578908260366,0.6729250063070783,0.8588475361267975,0.8214269566401791,0.3840639621795562,0.7562291455989084,0.6320373997613011,0.7443492862531678,0.6607760584394979,0.5159794684303608,0.5674483160881123,0.8190708906158742,0.7207024380738175,0.6972042968104102,0.796108947775571,0.172246809174727,0.7396927734187346,0.8431750274419316,0.7105957845753628,0.7921237777903503,0.8590483689783208,0.7602589536836086,0.7754027574645919,0.6457184746374138,0.7300918418848386,0.4994168712903412,0.8384497269186998,0.3836177689664691,0.7429030400707799,0.4696397955873738,0.7474224913463849,0.7494209270909388,0.6795621145757723,0.49069151342098477,0.6019953837687044,0.7369535105602739,0.784943525051916,0.11899920782378083,0.7280275532576099,0.7548131775242253,0.46242842443730364,0.5809607086977049,0.6777500223623998,0.3224903784959728,0.7724481144484027,0.5713563145331986,0.5754570548285576,0.44757618901110685,0.681454521291153,0.26072022391866734,0.6823217471722742,0.7901034755966628,0.6404571370322156,0.7694819264572133,0.846815088082525,0.7177592107100316,0.6126910176525521,0.810060833435226,0.7145809907877451,0.6214144630864701,0.7798839132172625,0.7010964681391997,0.5772371199662052,0.7949577419729497,0.8007816108922439,0.5548147584948063,0.49034787693604803,0.4069668304496974,0.8318149446202137,0.7960714998732055,0.45456889755648217,0.38962272439518153,0.7367960332797272,0.5117580724993915,0.6083045216757561,0.7766804576941595,0.7014204414745634,0.6185509453475194,0.8134725714089618,0.5053966138771925,0.24189362548516025,0.682232315269437,0.7182208296280141,0.15842964062736103,0.6699793327972942,0.35518981896676505,0.6561183140280613,0.04291043483708765,1.0000000000000004,0.3399888143309715,0.7267212010255186,0.8122862831033717,0.7851922237337292,0.7386668839028037,0.8320599471639896,0.8214114554945351,0.0006155235572826508,0.0063967084468145
0.3278972162702801,0.20630622122910552,0.281865554654148,0.3021009308029494,0.3424515752354158,0.34581763303694335,0.247370884608369,0.3373402989830875,0.26654031449396715,0.33551092269240157,0.3156304087558661,0.26799101546617066,0.2879227888612278,0.31925527649236796,0.338881569736445,0.33161243793169914,0.3457896280913869,0.1145418626425299,0.28864843463074175,0.3531906389474577,0.23429811471261516,0.3875204503041668,0.3194408707578547,0.3493799040939648,0.28327465786168327,0.3460304386216707,0.2930012190528397,0.2720812706982073,0.32190061599975484,0.18409735972050534,0.34391743999057667,0.26115916445425225,0.37652778058367425,0.3587565067410931,0.3216530579818252,0.23375303847390025,0.3041205291682534,0.31044266006916954,0.36647036434435154,0.07968872632176272,0.25214054719703943,0.300591160704726,0.2437080383718652,0.27742844538418,0.30804282101541847,0.20473709398929696,0.3014978107597569,0.3172798650013388,0.2032841143171645,0.23055078976084198,0.2932982746230562,0.14714818362550436,0.3544078859090423,0.35734215914202483,0.27084867186786615,0.24806570486010973,0.32539204995644455,0.3391859514228354,0.3053112653385948,0.3421078029224307,0.25169354416082673,0.2563331562908736,0.28409352696937884,0.26698665754124096,0.2761120145486694,0.30871205987909517,0.3776170731761002,0.2684031793866414,0.18725529223047394,0.22940297943780455,0.36532007433685604,0.33418395972142656,0.196076226486176,0.1911342409328222,0.31438391013272854,0.28253879045108604,0.3059177528006375,0.2866207898954077,0.3433270356226382,0.3508582746617607,0.3017174717423121,0.20999481033029496,0.1459797991816905,0.31078481693066484,0.31615174914488914,0.20097713341055218,0.28498245997264726,0.17942678052605782,0.2794899667241774,0.04264298909564858,0.3399888143309715,1.0000000000000002,0.25178613428088015,0.3699075231326516,0.3635705214922441,0.35316874241184293,0.3390059263641243,0.3023135664264859,0.046971139230102085,0.027118799878642835
0.6336758359675265,0.462095176591906,0.4324271590447851,0.6363199846719026,0.747971326041353,0.7396545958242239,0.3637269412825453,0.6202819966189361,0.6308822268550944,0.7029186043847379,0.583842521206644,0.47904465364817733,0.5044218237978219,0.7091708135280271,0.6409318376097132,0.591756850449431,0.7012982037735396,0.23155235039576488,0.7157719126397856,0.736716697942261,0.5974492575199714,0.697969832558081,0.7482396746261709,0.7271720193487888,0.6337115991654001,0.5535889379242138,0.6685964069409223,0.44676389936403993,0.7278018113749098,0.3486311174211506,0.7191337916521273,0.45379988771697627,0.6497930082089456,0.6534637342373205,0.6648373158619598,0.45733338720081257,0.4927777236391935,0.695924516150177,0.61841142187709,0.1099070257796878,0.5846872702088767,0.6948944510922356,0.4389311790659339,0.502553310083059,0.6429683798455743,0.35363843977130494,0.7011739302360959,0.4966429693759904,0.5117730418048339,0.4172185322157498,0.6368404090870257,0.24292981033051356,0.5681156363181391,0.6963006263023838,0.5695745227464235,0.633417245374581,0.7553815251267386,0.5923398013992087,0.5448725201775999,0.7161943666327864,0.6685203474698593,0.5540985346744156,0.8296579787135017,0.5774812982476469,0.5294710262183241,0.6944701164498975,0.6654665111129212,0.4931999674378651,0.4495432479036603,0.38010785778055356,0.7416688276919469,0.7030785555364695,0.38373892572552565,0.3605037100854035,0.6880040823782256,0.5128525142407016,0.6229287888114288,0.6398741659155536,0.5869760314247172,0.5117550709938983,0.6904623096529039,0.4443245818234783,0.3580599277682342,0.6321547664960685,0.6004748129340495,0.11203021642598329,0.5645584859896817,0.32283617013971,0.5843841488891046,0.03499609437553697,0.7267212010255186,0.25178613428088015,1.000000000000002,0.7116669664384985,0.6392942386693279,0.7063158281219954,0.7289442817317421,0.7111777371653545,0.00032179876762367717,0.0009289530255620993
0.7242065546915715,0.5049282435208198,0.4653216108733287,0.7528092987706988,0.8150724439627298,0.8395259425964524,0.43888386913997246,0.7849972158262091,0.6779246530088197,0.8010855938471395,0.709379949765828,0.5244094735624565,0.596700266696033,0.80979396760182,0.7108253368400517,0.6965585644378058,0.8104228525397961,0.21057118386566526,0.723869215168392,0.7926819156020888,0.5473362539017521,0.8350482775267004,0.8156504315628189,0.7785253626488287,0.6396951251603629,0.6721484738840842,0.6997758650521795,0.5466320295603009,0.774377215829086,0.43058217252845776,0.7850960428004681,0.508662589267708,0.7758650760654997,0.7755670778369339,0.7355702882394164,0.5034743621593392,0.6408732665886817,0.7976652588608046,0.7495322988397906,0.12855832462894173,0.5715852687612172,0.7994564746799893,0.5112245807804001,0.5739306054879707,0.6956682936433749,0.37050737996389876,0.784052164805396,0.6044398559262588,0.5340192533523005,0.4770775009757652,0.6780326385664519,0.30369427044963815,0.6878923902138108,0.8081645305091258,0.5857301890254207,0.6079004788379281,0.7952645337099702,0.7386362437367664,0.6726550168892615,0.809165141217504,0.6443325962417435,0.5854224670880599,0.7574776997247826,0.6164954271902316,0.6692175579683663,0.7195193595518161,0.8192243028803687,0.5359279812317439,0.4972501032069259,0.43419569052974394,0.8107182958082625,0.7541190563244208,0.44587077074848436,0.41261768143672195,0.7725444903766281,0.5484316237067312,0.6631245323217685,0.649121527100747,0.6960249845314742,0.6493523165934376,0.7349520306712856,0.46594746742717347,0.2854197095529577,0.6694577146435623,0.6986014716943921,0.1956411996694815,0.606188029977746,0.3741224197563773,0.6285389546374761,0.05362978865267231,0.8122862831033717,0.3699075231326516,0.7116669664384985,0.9999999999999978,0.7397802949780905,0.7818536045506712,0.7866619091159044,0.775314905416937,0.00042506658794481034,0.03675049326877444
0.663356441605115,0.46975774017137767,0.5915714756045665,0.6457627425065438,0.8021884615926433,0.7835884522010491,0.501927735361589,0.6676621623600052,0.5340179308724652,0.6886530380241211,0.6263016170271564,0.5520948203368368,0.7385461716454182,0.758615957471604,0.7648247106018046,0.6830973969867964,0.7553233090705672,0.20045706843426364,0.7373489639135643,0.814388476482868,0.7028937325562077,0.7848171051816157,0.7635396249459886,0.6693666669828717,0.7719033529578663,0.7677567028681848,0.7628350316953394,0.7050448015312698,0.779445522106974,0.5299500416050902,0.7635302310920782,0.6245361967766628,0.7225339619058672,0.7236497784272983,0.5876921058585206,0.6214085907946789,0.6006175210965086,0.7294300363853177,0.7930159414291756,0.13344345911750563,0.7200518052487204,0.6793913884336121,0.6976032285067496,0.6581601484660624,0.7141878171536142,0.4262291042658131,0.6957245621815107,0.6776288550750101,0.547872633370324,0.6174049053737535,0.7268862887738743,0.2624278189926379,0.8416581151333318,0.786612658050649,0.714381315692182,0.7185082882825646,0.7830247478752487,0.6467925490289753,0.585277613259416,0.7781935657213209,0.6941715402896724,0.6815464424497877,0.715353441605046,0.6659096704567389,0.578680980012504,0.8299693096478443,0.7118873425821186,0.6063310534031521,0.48093411417705945,0.5369904664323364,0.7255684530066172,0.7697967193061429,0.4845098729940801,0.5408424019418501,0.7242620230326904,0.6695011860953071,0.7243981387161301,0.7264848655620348,0.7655235499836103,0.720084389720036,0.7449396097878331,0.4841217478609655,0.2874592929372627,0.6258016372422832,0.6639664853015137,0.19679421794760177,0.7043036260044335,0.39318618932703764,0.6865338377922021,0.05671193718628542,0.7851922237337292,0.3635705214922441,0.6392942386693279,0.7397802949780905,1.0000000000000022,0.7202606987225049,0.801275209596439,0.7590514671469764,0.0004320687715754848,0.0033676427912967513
0.6972995191903946,0.4643509458527224,0.44862467318024296,0.7056996365357402,0.7759810431001669,0.7830696178281933,0.41646387103047283,0.6869368170569192,0.6769368809949657,0.8520680886049672,0.6514752831876693,0.4995524548250511,0.6368863927394637,0.7041735563435282,0.762175932138811,0.659988680988678,0.8147074051287031,0.19523681759953943,0.7054264397286598,0.760016555230052,0.4993841339714159,0.7803441222991663,0.734140891211186,0.7718246406593183,0.5945988590814343,0.680877494508447,0.6747072130816986,0.5820997078108089,0.7012840658682865,0.4587884556154997,0.7942125497522664,0.5342897129549559,0.733982721722118,0.7383905648646494,0.6761441835709217,0.5214991527852879,0.6699387063858409,0.7602105302316993,0.7218153991046208,0.128727832421538,0.5413714824458138,0.73793807587238,0.5629422993465323,0.5589428823152027,0.6799935408674065,0.39776841733226564,0.7140179167047447,0.5981399954097357,0.45968834514024515,0.5151326489704808,0.6888081535929658,0.24468053407273782,0.6972558495994219,0.7993697926765647,0.6258193343504476,0.5501954268408987,0.7376342402641421,0.7078805047471138,0.6462861601117732,0.8047156783114328,0.5665821864072552,0.550410632252615,0.7559247017238724,0.5337003707716327,0.6622728962593327,0.6774384360728065,0.7463044736446709,0.5184460346232171,0.43426738419887273,0.4592683430583753,0.7587566754433449,0.7129712448471213,0.4296488049596696,0.45704846615556005,0.7437484769439484,0.6510131164365569,0.6791468132203835,0.595838204313784,0.6856839343819757,0.6368510803794265,0.6668329549211911,0.4174599357595071,0.3011240693352244,0.6618557246273099,0.6344938459382022,0.1430493404085754,0.564032198655237,0.336408938859217,0.5893071202889951,0.04305334020698669,0.7386668839028037,0.35316874241184293,0.7063158281219954,0.7818536045506712,0.7202606987225049,0.9999999999999987,0.7675262267306943,0.7008766765283119,0.00018456363332605658,0.002797143913814622
0.6858851811862587,0.5814636104465989,0.49480895744432496,0.7097409351576441,0.843684655161266,0.8070355622570319,0.3816589715743357,0.729042472009622,0.6056263285695255,0.7936946203689021,0.6787216838078477,0.5055633572880422,0.6267313673507621,0.8352258621258117,0.7754894102178812,0.7110588248016563,0.8876442485755363,0.17552899952269257,0.7760533903023421,0.8834904830399639,0.7690303091706239,0.7805448017435732,0.8720188704649068,0.7259679387550413,0.7933481733333436,0.6863229856425703,0.7665111984637487,0.5281000524053748,0.8972732737059327,0.4201640584368389,0.7533274245190763,0.4818907941960883,0.7682743685088336,0.7716019448662028,0.6567020170216528,0.5378234028006406,0.6003950260816726,0.7533675934596699,0.7397671103551728,0.10976996611639338,0.7834486629932619,0.7209646277408736,0.5180014049035399,0.5857213779621595,0.7490701648541233,0.3419487911973791,0.8137489897058923,0.5256323664713097,0.6243708829163495,0.47834123567988085,0.7508379333437285,0.22411534155782734,0.677119157193026,0.8016924541839887,0.6630598229595173,0.8014101533000286,0.8583040659184733,0.6812204970446111,0.6269796901907214,0.9015892133342346,0.764502084585283,0.6855567754921466,0.8085794619293942,0.7275528105561528,0.5974165708598048,0.8137129395304434,0.7890099655387497,0.5229674252839875,0.5582696877529385,0.41203544856529195,0.8387782873349268,0.7887240661563911,0.386438127018983,0.41118663250538884,0.816267074829619,0.5279167899878723,0.620165405032971,0.8167749409311603,0.7147225514338966,0.5937220285066138,0.7882133456095137,0.5276059777420045,0.24220436792183025,0.664764554065479,0.7605427496158927,0.12238813408108613,0.6826492881922865,0.3376098483902168,0.7068845106640975,0.037917964449719926,0.8320599471639896,0.3390059263641243,0.7289442817317421,0.7866619091159044,0.801275209596439,0.7675262267306943,0.9999999999999983,0.8610519871169375,0.0006629609068597405,0.0008612114805847569
0.6608550199229419,0.5446853870180842,0.46554765914924195,0.7037329312352434,0.8203026743551662,0.8008773279044421,0.3730823155213352,0.6937844031820609,0.5808981635095387,0.7180348337607754,0.6758937850634659,0.5190247542042087,0.5297067134077826,0.8419796687706846,0.7144823142104186,0.7214920890790961,0.7877858427734732,0.1644622884005575,0.7459102071268269,0.8520072735483607,0.7776369014423913,0.7627626537230545,0.8809219484061697,0.7157163668728976,0.7886325264506926,0.6453294960299863,0.757928323140577,0.48238886035431605,0.9075892019468152,0.3718612623329936,0.6951725721065184,0.43767093009786906,0.7540566961319053,0.7573659600455237,0.6528346362309417,0.4837310918545667,0.5700909267919374,0.7540001661024057,0.6884882877080515,0.1106589893407971,0.7597406698791127,0.7378388228745713,0.474368624771893,0.5628397950304934,0.7504836541692368,0.3070407078892812,0.7700562580229144,0.5068015784033201,0.6138792676544194,0.4413916331178405,0.7222412460663687,0.23722903403189755,0.6472440786352436,0.7718824041363814,0.630045654798886,0.808995594896772,0.8423312116117285,0.6509278810001147,0.6052374310249893,0.8152983551913786,0.755587764279009,0.652836602002866,0.7845968462190361,0.7176472168917932,0.5864162874729055,0.7989330155167436,0.778005208371735,0.5187674989887459,0.5417436969464513,0.3887215350976469,0.8307454518620314,0.7814899043269083,0.3704300024575476,0.3589257671126941,0.7554701721787596,0.5030291948773971,0.5718345641906062,0.8123619388434946,0.6844552309057168,0.5607395644512216,0.7855750444133117,0.5166386899798242,0.2336577953274766,0.6473422701695882,0.7098960744828102,0.14768961901037989,0.677182442956614,0.33165800238267273,0.6695444184285777,0.03821185275202191,0.8214114554945351,0.3023135664264859,0.7111777371653545,0.775314905416937,0.7590514671469764,0.7008766765283119,0.8610519871169375,0.9999999999999964,0.0007463507531639675,0.005063143246926885
0.0027324877789266385,0.0016722600924840522,0.02210248368512676,0.001218111510965414,0.0021784359859543024,0.0007017268703445456,0.0002649416668354713,0.0005946112439425192,0.0021898909917461937,0.0002605762600943721,0.0006827368623343368,0.0026435491605095226,0.0017028351499310086,0.00021789280193204382,0.0008472653652100896,0.001061961340570283,0.000431495614320389,0.0019021515801980592,0.00019654200033914263,0.0004993068658485268,0.0008549735228738799,0.0021039673731388397,0.0004016234542997359,0.0006941354980395064,0.0007286023330435027,0.0015907737966674466,0.0002478405549704835,0.001706568507062367,0.00044038475873158775,0.001254901729199241,0.000214113781809926,0.000415219157608163,0.0004291933643190261,0.0004402130936712097,0.0012365829246475382,0.000955966917966363,0.0032937175929375123,0.00028984952939565097,0.0004843350789133207,0.07624928516630233,0.0003498029588001007,0.0005397677355311617,0.0018224318350871154,0.0010550367942618168,0.0006616687335821844,0.008743801270974606,0.0005430447167425867,0.0012823508800320405,0.0020616179480798277,0.0013088060711973046,0.000696569500267602,0.0009899624276047748,0.0009075326594868957,0.000685239139493112,0.000721664345191468,0.0003710231807796564,0.0008030940171530205,0.0011598854092140405,0.001080089022445729,0.0002527146245654042,7.043508310210452e-05,0.0005605945724602288,0.00019326129309326715,4.542131582266353e-05,0.0009568767927263762,0.0007150884046015766,0.001794596225750906,0.0005495229897630339,0.002542476507097255,0.001300989202669333,0.0013430397874455117,0.0006073124916321502,0.001386037331263659,0.000810271743630241,0.0011317432094004084,0.0018936430938740003,0.00043937716078463384,0.0003523333739898911,0.0012170028134753765,0.0016626022999169188,0.0031433643559953843,0.0029705780554283713,0.00031317411102153517,0.0017213673724722051,0.010244697180447043,0.0246613061553175,0.0006936300677487607,0.003582590144249298,0.0006632205355860817,0.04778184825674966,0.0006155235572826508,0.046971139230102085,0.00032179876762367717,0.00042506658794481034,0.0004320687715754848,0.00018456363332605658,0.0006629609068597405,0.0007463507531639675,1.0,0.5773502691896258
0.002760804470761151,0.0009654798145507361,0.012760874905367248,0.0017581925218971594,0.007546323617418507,0.004962991919264959,0.09724695370055005,0.005836082349807659,0.0028447518455563536,0.0009402735869369482,0.0007883566225088197,0.047695431857380705,0.0036867462457433426,0.0017926566668617493,0.003913351093432735,0.0018393709975416867,0.0016193067090331272,0.1117426362086991,0.004624048254717015,0.00374757439427638,0.0024680959679061866,0.029760790166573528,0.005043333655598834,0.0021039864123977158,0.0021032937655742785,0.010561987316846166,0.007047222448069511,0.005665404774922224,0.0022247422662560424,0.0023546830162690536,0.00605731382869331,0.0015582248007154568,0.006194872610599772,0.0022238750461538704,0.008031841699731198,0.009796717694280557,0.002377035923646349,0.002635679085181781,0.00286621762893299,0.0440225453162812,0.004897501686344219,0.0017919015226005482,0.003945680664627337,0.015228144429300493,0.0019100731072401646,0.012620590043844453,0.002821743120540029,0.005182559380474365,0.047908596010924606,0.0045338372251366825,0.0032173167079102656,0.029292197545843147,0.003929731689398522,0.01928662133022377,0.00833306207921698,0.003427365332779613,0.002550166008433309,0.002008980459716537,0.0026502561733956565,0.0014590485652099135,0.028405001361291503,0.024921775903344035,0.0013110586501981622,0.0044449695114589256,0.0020716990269820466,0.008153915537099233,0.0051805530701198605,0.028157468088319836,0.0029357989915617996,0.009952425679454653,0.0021323620527386213,0.0033310042899974213,0.021006011940688532,0.010642691361612928,0.001633530616502142,0.002733238374993075,0.0017757216543834733,0.005746608454970865,0.005621095215716325,0.008159183026004754,0.0063518778998325354,0.03387251478901972,0.04922583757533476,0.0019876638317421333,0.005914778674897301,0.01779776468417542,0.01942267405713912,0.028957731378498056,0.021251535788775523,0.02758686295341227,0.0063967084468145,0.027118799878642835,0.0009289530255620993,0.03675049326877444,0.0033676427912967513,0.002797143913814622,0.0008612114805847569,0.005063143246926885,0.5773502691896258,1.0000000000000002
